<?xml version="1.0" encoding="utf-8"?>
<Symbols>
    <!--  "常用"中默认存在90条数据，增删数据时，需修改 CommonUseSymbols 类中的 MAX_COMMON_USE_SYM_NUM 字段  -->
    <Category name="1.常用" column="4" comment="中文标点" lock="true" class="1">
        <Symbol text="，" />
        <Symbol text="。" />
        <Symbol text="？" />
        <Symbol text="！" />
        
        <Symbol text="✔" />
        <Symbol text="✘" />
        <Symbol text="\@" />
        <Symbol text="." />

        <Symbol text="～" />         
        <Symbol text="\#" />
        <Symbol text="-" />
        <Symbol text="," />
        <Symbol text=".com" />
        <Symbol text=":" />        
        <Symbol text="*" />
        <Symbol text=":)" />
        <Symbol text="☞" />
        <Symbol text="☜" />
        <Symbol text="^O^" />
        <Symbol text="\?" />
        
        <Symbol text="!" />
        <Symbol text="、" />
        <Symbol text="_" />
        <Symbol text="~" />
        
        <Symbol text="＃" />
        <Symbol text="/" />
        <Symbol text="=" />
        <Symbol text="+" /> 
        
        <Symbol text="‖"  />
        <Symbol text="&amp;"  />
        <Symbol text="%" />
        <Symbol text="^" />
        
        <Symbol text="……" />
        <Symbol text="..." />
        <Symbol text="；" />
        <Symbol text="`" />
         
        <Symbol text="￥" />
        <Symbol text="$" />
        <Symbol text="——" />
        <Symbol text="：" />
        
        <Symbol text="（" right="）"/>
        <Symbol text="）" />
        <Symbol text="【" right="】" />
        <Symbol text="】" left="【" />
        
        <Symbol text="{" right="}"/>
        <Symbol text="}" left="{" />
        <Symbol text="《" right="》" />
        <Symbol text="》" left="《" />
        
        <Symbol text="“" right="”" />
        <Symbol text="”" />
        <Symbol text="‘" />
        <Symbol text="’" />
        
        <Symbol text="&lt;" right="&gt;" />
        <Symbol text="&gt;" left="&lt;" />
        <Symbol text="(" right=")" />
        <Symbol text=")" />
        
        <Symbol text="http://" />
        <Symbol text="www." />
        
        <Symbol text="★" />
        <Symbol text="☆" /> 
        <Symbol text="♥" />
        <Symbol text="か" />

        <Symbol text="♛" />
        <Symbol text="♞" />
        <Symbol text="◎" />
        <Symbol text="♬ " />

        <Symbol text="℡" />
        <Symbol text="♀" />
        <Symbol text="\\" />
        <Symbol text="囍" /> 
        
        <Symbol text="→_→" />
        <Symbol text="&gt;3&lt;" />
        <Symbol text="-_-||" />
        <Symbol text="╭(╯ε╰)╮" />
        
        <Symbol text="-.-" />
        <Symbol text="←_←" />
        <Symbol text="T^T"  />
        <Symbol text=":(" />
        
        <Symbol text="*^_^*" />
        <Symbol text=":D" />
        <Symbol text="o&gt;_&lt;o" />
        <Symbol text="＠_＠" />
        
        <Symbol text="*^O^*" />
        <Symbol text="π_π" />
        <Symbol text="-_-" /> 
        <Symbol text="(&gt;_&lt;)" />
        <Symbol text="O_o" />
        <Symbol text="⊙﹏⊙" />
        <Symbol text="O(∩_∩)O" />
        <Symbol text="⊙▽⊙" /> 
    </Category>
    <Category name="2.中文" column="4" comment="中文标点" lock="true" class="1">
        <Symbol text="，" />
        <Symbol text="。" />
        <Symbol text="？" />
        <Symbol text="！" />
        <Symbol text="～" />

        <Symbol text="、" />
        <Symbol text="：" />
        <Symbol text="＃" />
        <Symbol text="；" />
        <Symbol text="％" />

        <Symbol text="＊" />
        <Symbol text="——" />
        <Symbol text="……" />
        <Symbol text="＆" />
        <Symbol text="·" />

        <Symbol text="￥" />
        <Symbol text="（" right="）" />
        <Symbol text="）" />
        <Symbol text="‘" />
        <Symbol text="’" />

        <Symbol text="“" rigth="”"/>
        <Symbol text="”"/>
        <Symbol text="[" right="]"/>
        <Symbol text="]" left="[" />
        <Symbol text="『" right="』" />

        <Symbol text="』" left="『" />
        <Symbol text="〔" right="〕" />
        <Symbol text="〕" left="〔" />
        <Symbol text="｛" right="｝" />
        <Symbol text="｝" left="｛" />

        <Symbol text="【" right="】" />
        <Symbol text="】" left="【" />
        <Symbol text="‖"  />
        <Symbol text="〖" right="〗" />
        <Symbol text="〗" left="〖" />

        <Symbol text="《" right="》" />
        <Symbol text="》" left="《" />
        <Symbol text="「" right="」" />
        <Symbol text="」" left="「" />
        <Symbol text="｜"  />

        <Symbol text="〈" right="〉"/>
        <Symbol text="〉" left="〈" />
        <Symbol text="«" right="»"/>
        <Symbol text="»" left="«"/>
        <Symbol text="‹" right="›"/>

        <Symbol text="›" left="‹"/>

    </Category>
    <Category name="3.英文" column="4" comment="英文标点" lock="true" class="1">
        <Symbol text="." />
        <Symbol text="\@" />
        <Symbol text="~" />
        <Symbol text="-" />
        <Symbol text="," />
        
        <Symbol text=":" />
        <Symbol text="*" />
        <Symbol text="\?" />
        <Symbol text="!" />
        <Symbol text="_" />
        
        
        <Symbol text="\#" />
        <Symbol text="/" />
        <Symbol text="=" />
        <Symbol text="+" />
        <Symbol text="﹉" />
         
        <Symbol text="&amp;" />
        <Symbol text="^" />
        <Symbol text=";" />
        <Symbol text="%" />
        <Symbol text="…" />
        
        <Symbol text="$" />
        <Symbol text="(" right=")" />
        <Symbol text=")" />
        <Symbol text="\\" />
        <Symbol text=".." />
        
        <Symbol text="&lt;" right="&gt;" />
        <Symbol text="&gt;" left="&lt;" />
        <Symbol text="|" />
        <Symbol text="·" />
        <Symbol text="¥" />
        
        <Symbol text="[" right="]" />
        <Symbol text="]" left="[" />
        <Symbol text="&quot;" right="&quot;" />
        <Symbol text="{" right="}" />
        <Symbol text="}" left="{" />
        
        <Symbol text="–" />
        <Symbol text="'" />
        <Symbol text="€" />
        <Symbol text="¡" />
        <Symbol text="¿" />

        <Symbol text="`" />
        <Symbol text="´" />
        <Symbol text="＂" right="＂" />
        <Symbol text="＇" />
        <Symbol text="£" />

        <Symbol text="¢" />
        <Symbol text="฿" />
        <Symbol text="♀" />
        <Symbol text="♂" />
    </Category>
    <Category name="4.网络" column="4" comment="网络地址" lock="true" class="1">

        <Symbol text="." />
        <Symbol text="/" />
        <Symbol text="\@" />
        <Symbol text="-" />
        <Symbol text="_" />

        <Symbol text=".com" />
        <Symbol text=".cn" />
        <Symbol text=".net" />
        <Symbol text="www." />
        <Symbol text="http://" />

        <Symbol text="ftp://" />
        <Symbol text="news." />
        <Symbol text="sogou.com" />
        <Symbol text="\@sohu.com" />
        <Symbol text="\@qq.com" />

        <Symbol text="\@sina.com" />
        <Symbol text="\@sina.cn" />
        <Symbol text="\@gmail.com" />
        <Symbol text="\@163.com" />
        <Symbol text="\@126.com" />

        <Symbol text="\@yeah.net" />
        <Symbol text="\@aliyun.com" />
        <Symbol text="\@outlook.com" />
        <Symbol text="\@hotmail.com" />
        <Symbol text="\@live.cn" />

        <Symbol text="\@yahoo.com.cn" />
        <Symbol text="\@foxmail.com" />
        <Symbol text=".edu" />

    </Category>
    <Category name="5.数学" column="4" comment="数学符号" lock="true" class="1">

        <Symbol text="=" />
        <Symbol text="+" />
        <Symbol text="-" />
        <Symbol text="·" />
        <Symbol text="/" />

        <Symbol text="×" />
        <Symbol text="÷" />
        <Symbol text="^" />
        <Symbol text="＞" />
        <Symbol text="＜" />


        <Symbol text="≥" />
        <Symbol text="≤" />
        <Symbol text="≮" />
        <Symbol text="≯" />
        <Symbol text="≡" />

        <Symbol text="≠" />
        <Symbol text="≈" />
        <Symbol text="≒" />
        <Symbol text="±" />
        <Symbol text="√" />

        <Symbol text="³√" />
        <Symbol text="π" />
        <Symbol text="%" />
        <Symbol text="‰" />
        <Symbol text="％" />

        <Symbol text="℅" />
        <Symbol text="½" />
        <Symbol text="⅓" />
        <Symbol text="⅔" />
        <Symbol text="¼" />

        <Symbol text="¾" />
        <Symbol text="∶" />
        <Symbol text="∵" />
        <Symbol text="∴" />
        <Symbol text="∷" />

        <Symbol text="㏒" />
        <Symbol text="㏑" />
        <Symbol text="∫" />
        <Symbol text="∬" />
        <Symbol text="∭" />

        <Symbol text="∮" />
        <Symbol text="∯" />
        <Symbol text="∰" />
        <Symbol text="∂" />
        <Symbol text="∑" />

        <Symbol text="∏" />
        <Symbol text="∈" />
        <Symbol text="∉" />
        <Symbol text="∅" />
        <Symbol text="⊂" />

        <Symbol text="⊃" />
        <Symbol text="⊆" />
        <Symbol text="⊇" />
        <Symbol text="⊄" />
        <Symbol text="⊅" />

        <Symbol text="⊊" />
        <Symbol text="⊈" />
        <Symbol text="⫋" />
        <Symbol text="⫌" />
        <Symbol text="∀" />

        <Symbol text="∃" />
        <Symbol text="∩" />
        <Symbol text="∪" />
        <Symbol text="∧" />
        <Symbol text="∨" />

        <Symbol text="⊙" />
        <Symbol text="⊕" />
        <Symbol text="∥" />
        <Symbol text="⊥" />
        <Symbol text="⌒" />

        <Symbol text="∟" />
        <Symbol text="∠" />
        <Symbol text="△" />
        <Symbol text="⊿" />
        <Symbol text="∝" />

        <Symbol text="∽" />
        <Symbol text="∞" />
        <Symbol text="≌" />
        <Symbol text="°" />
        <Symbol text="℃" />

        <Symbol text="℉" />
        <Symbol text="㎎" />
        <Symbol text="㎏" />
        <Symbol text="μm" />
        <Symbol text="㎜" />

        <Symbol text="㎝" />
        <Symbol text="㎞" />
        <Symbol text="㎡" />
        <Symbol text="m³" />
        <Symbol text="㏄" />

        <Symbol text="ml" />
        <Symbol text="mol" />
        <Symbol text="㏕" />
        <Symbol text="sin" />
        <Symbol text="cos" />

        <Symbol text="tan" />
        <Symbol text="cot" />
        <Symbol text="lim" />

    </Category>
    <Category name="6.序号" column="4" comment="数字序号" lock="true" class="1">

        <Symbol text="①" />
        <Symbol text="②" />
        <Symbol text="③" />
        <Symbol text="④" />
        <Symbol text="⑤" />

        <Symbol text="⑥" />
        <Symbol text="⑦" />
        <Symbol text="⑧" />
        <Symbol text="⑨" />
        <Symbol text="⑩" />

        <Symbol text="⒈" />
        <Symbol text="⒉" />
        <Symbol text="⒊" />
        <Symbol text="⒋" />
        <Symbol text="⒌" />

        <Symbol text="⒍" />
        <Symbol text="⒎" />
        <Symbol text="⒏" />
        <Symbol text="⒐" />
        <Symbol text="⒑" />

        <Symbol text="⑴" />
        <Symbol text="⑵" />
        <Symbol text="⑶" />
        <Symbol text="⑷" />
        <Symbol text="⑸" />

        <Symbol text="⑹" />
        <Symbol text="⑺" />
        <Symbol text="⑻" />
        <Symbol text="⑼" />
        <Symbol text="⑽" />

        <Symbol text="㈠" />
        <Symbol text="㈡" />
        <Symbol text="㈢" />
        <Symbol text="㈣" />
        <Symbol text="㈤" />

        <Symbol text="㈥" />
        <Symbol text="㈦" />
        <Symbol text="㈧" />
        <Symbol text="㈨" />
        <Symbol text="㈩" />

        <Symbol text="壹" />
        <Symbol text="贰" />
        <Symbol text="叁" />
        <Symbol text="肆" />
        <Symbol text="伍" />

        <Symbol text="陆" />
        <Symbol text="柒" />
        <Symbol text="捌" />
        <Symbol text="玖" />
        <Symbol text="拾" />

        <Symbol text="佰" />
        <Symbol text="仟" />
        <Symbol text="萬" />
        <Symbol text="億" />
        <Symbol text="ⅰ" />

        <Symbol text="ⅱ" />
        <Symbol text="ⅲ" />
        <Symbol text="ⅳ" />
        <Symbol text="ⅴ" />
        <Symbol text="ⅵ" />

        <Symbol text="ⅶ" />
        <Symbol text="ⅷ" />
        <Symbol text="ⅸ" />
        <Symbol text="ⅹ" />
        <Symbol text="Ⅰ" />

        <Symbol text="Ⅱ" />
        <Symbol text="Ⅲ" />
        <Symbol text="Ⅳ" />
        <Symbol text="Ⅴ" />
        <Symbol text="Ⅵ" />

        <Symbol text="Ⅶ" />
        <Symbol text="Ⅷ" />
        <Symbol text="Ⅸ" />
        <Symbol text="Ⅹ" />
        <Symbol text="Ⅺ" />

        <Symbol text="Ⅻ" />

    </Category>
    <Category name="7.音标" column="4" comment="音标符号" lock="true" class="1">

        <Symbol text="ɑː" />
        <Symbol text="ɔ:" />
        <Symbol text="ɜː" />
        <Symbol text="i:" />
        <Symbol text="u:" />

        <Symbol text="ʌ" />
        <Symbol text="ɒ" />
        <Symbol text="ə" />
        <Symbol text="ɪ" />
        <Symbol text="ʊ" />

        <Symbol text="e" />
        <Symbol text="æ" />
        <Symbol text="eɪ" />
        <Symbol text="aɪ" />
        <Symbol text="ɔɪ" />

        <Symbol text="ɪə" />
        <Symbol text="eə" />
        <Symbol text="ʊə" />
        <Symbol text="əʊ" />
        <Symbol text="aʊ" />

        <Symbol text="p" />
        <Symbol text="t" />
        <Symbol text="k" />
        <Symbol text="f" />
        <Symbol text="θ" />

        <Symbol text="s" />
        <Symbol text="b" />
        <Symbol text="d" />
        <Symbol text="g" />
        <Symbol text="v" />

        <Symbol text="ð" />
        <Symbol text="z" />
        <Symbol text="ʃ" />
        <Symbol text="h" />
        <Symbol text="ts" />

        <Symbol text="tʃ" />
        <Symbol text="j" />
        <Symbol text="tr" />
        <Symbol text="ʒ" />
        <Symbol text="r" />

        <Symbol text="dz" />
        <Symbol text="dʒ" />
        <Symbol text="dr" />
        <Symbol text="w" />
        <Symbol text="m" />

        <Symbol text="n" />
        <Symbol text="ŋ" />
        <Symbol text="l" />

    </Category>
    <Category name="8.平假" column="4" comment="平假字母" lock="true" class="2">

        <Symbol text="あ" />
        <Symbol text="い" />
        <Symbol text="う" />
        <Symbol text="え" />
        <Symbol text="お" />

        <Symbol text="ぁ" />
        <Symbol text="ぃ" />
        <Symbol text="ぅ" />
        <Symbol text="ぇ" />
        <Symbol text="ぉ" />

        <Symbol text="か" />
        <Symbol text="き" />
        <Symbol text="く" />
        <Symbol text="け" />
        <Symbol text="こ" />

        <Symbol text="が" />
        <Symbol text="ぎ" />
        <Symbol text="ぐ" />
        <Symbol text="げ" />
        <Symbol text="ご" />

        <Symbol text="さ" />
        <Symbol text="し" />
        <Symbol text="す" />
        <Symbol text="せ" />
        <Symbol text="そ" />

        <Symbol text="ざ" />
        <Symbol text="じ" />
        <Symbol text="ず" />
        <Symbol text="ぜ" />
        <Symbol text="ぞ" />

        <Symbol text="た" />
        <Symbol text="ち" />
        <Symbol text="つ" />
        <Symbol text="て" />
        <Symbol text="と" />

        <Symbol text="だ" />
        <Symbol text="ぢ" />
        <Symbol text="づ" />
        <Symbol text="で" />
        <Symbol text="ど" />

        <Symbol text="っ" />
        <Symbol text="な" />
        <Symbol text="に" />
        <Symbol text="ぬ" />
        <Symbol text="ね" />

        <Symbol text="の" />
        <Symbol text="は" />
        <Symbol text="ひ" />
        <Symbol text="ふ" />
        <Symbol text="へ" />

        <Symbol text="ほ" />
        <Symbol text="ば" />
        <Symbol text="び" />
        <Symbol text="ぶ" />
        <Symbol text="べ" />

        <Symbol text="ぼ" />
        <Symbol text="ぱ" />
        <Symbol text="ぴ" />
        <Symbol text="ぷ" />
        <Symbol text="ぺ" />

        <Symbol text="ぽ" />
        <Symbol text="ま" />
        <Symbol text="み" />
        <Symbol text="む" />
        <Symbol text="め" />

        <Symbol text="も" />
        <Symbol text="や" />
        <Symbol text="ゆ" />
        <Symbol text="よ" />
        <Symbol text="ゃ" />

        <Symbol text="ゅ" />
        <Symbol text="ょ" />
        <Symbol text="ら" />
        <Symbol text="り" />
        <Symbol text="る" />

        <Symbol text="れ" />
        <Symbol text="ろ" />
        <Symbol text="わ" />
        <Symbol text="を" />
        <Symbol text="ん" />

        <Symbol text="ゎ" />

    </Category>
    <Category name="9.片假" column="4" comment="片假字母" lock="true" class="2">

        <Symbol text="ア" />
        <Symbol text="イ" />
        <Symbol text="ウ" />
        <Symbol text="エ" />
        <Symbol text="オ" />

        <Symbol text="ァ" />
        <Symbol text="ィ" />
        <Symbol text="ゥ" />
        <Symbol text="ェ" />
        <Symbol text="ォ" />

        <Symbol text="カ" />
        <Symbol text="キ" />
        <Symbol text="ク" />
        <Symbol text="ケ" />
        <Symbol text="コ" />

        <Symbol text="ガ" />
        <Symbol text="ギ" />
        <Symbol text="グ" />
        <Symbol text="ゲ" />
        <Symbol text="ゴ" />

        <Symbol text="サ" />
        <Symbol text="シ" />
        <Symbol text="ス" />
        <Symbol text="セ" />
        <Symbol text="ソ" />

        <Symbol text="ザ" />
        <Symbol text="ジ" />
        <Symbol text="ズ" />
        <Symbol text="ゼ" />
        <Symbol text="ゾ" />

        <Symbol text="タ" />
        <Symbol text="チ" />
        <Symbol text="ツ" />
        <Symbol text="テ" />
        <Symbol text="ト" />

        <Symbol text="ダ" />
        <Symbol text="ヂ" />
        <Symbol text="ヅ" />
        <Symbol text="デ" />
        <Symbol text="ド" />

        <Symbol text="ッ" />
        <Symbol text="ナ" />
        <Symbol text="ニ" />
        <Symbol text="ヌ" />
        <Symbol text="ネ" />

        <Symbol text="ノ" />
        <Symbol text="ハ" />
        <Symbol text="ヒ" />
        <Symbol text="フ" />
        <Symbol text="ヘ" />

        <Symbol text="ホ" />
        <Symbol text="バ" />
        <Symbol text="ビ" />
        <Symbol text="ブ" />
        <Symbol text="ベ" />

        <Symbol text="ボ" />
        <Symbol text="パ" />
        <Symbol text="ピ" />
        <Symbol text="プ" />
        <Symbol text="ペ" />

        <Symbol text="ポ" />
        <Symbol text="マ" />
        <Symbol text="ミ" />
        <Symbol text="ム" />
        <Symbol text="メ" />

        <Symbol text="モ" />
        <Symbol text="ヤ" />
        <Symbol text="ユ" />
        <Symbol text="ヨ" />
        <Symbol text="ャ" />

        <Symbol text="ュ" />
        <Symbol text="ョ" />
        <Symbol text="ラ" />
        <Symbol text="リ" />
        <Symbol text="ル" />

        <Symbol text="レ" />
        <Symbol text="ロ" />
        <Symbol text="ワ" />
        <Symbol text="ヲ" />
        <Symbol text="ン" />

        <Symbol text="ヮ" />

    </Category>
    <Category name="10.箭头" column="4" comment="箭头符号" lock="true" class="1">

        <Symbol text="→" />
        <Symbol text="←" />
        <Symbol text="↑" />
        <Symbol text="↓" />
        <Symbol text="↖" />

        <Symbol text="↗" />
        <Symbol text="↙" />
        <Symbol text="↘" />
        <Symbol text="↔" />
        <Symbol text="↕" />

        <Symbol text="⇞" />

        <Symbol text="⇟" />
        <Symbol text="⇆" />
        <Symbol text="⇅" />
        <Symbol text="⇔" />
        <Symbol text="⇕" />

        <Symbol text="↰" />
        <Symbol text="↱" />
        <Symbol text="↲" />
        <Symbol text="↴" />

        <Symbol text="↶" />
        <Symbol text="↷" />
        <Symbol text="↺" />
        <Symbol text="↻" />

        <Symbol text="↜" />
        <Symbol text="↝" />
        <Symbol text="↞" />
        <Symbol text="↟" />
        <Symbol text="↠" />

        <Symbol text="↡" />
        <Symbol text="➺" />
        <Symbol text="➻" />
        <Symbol text="➼" />
        <Symbol text="➳" />

        <Symbol text="➽" />
        <Symbol text="➸" />
        <Symbol text="➹" />
        <Symbol text="➷" />
        <Symbol text="⇎" />

        <Symbol text="➠" />
        <Symbol text="↣" />
        <Symbol text="☞" />
        <Symbol text="☜" />
        <Symbol text="☟" />

        <Symbol text="⇦" />
        <Symbol text="⇧" />
        <Symbol text="⇨" />
        <Symbol text="⇩" />
        <Symbol text="⇪" />

        <Symbol text="➩" />
        <Symbol text="➪" />
        <Symbol text="➫" />
        <Symbol text="➬" />
        <Symbol text="➯" />

        <Symbol text="➱" />
        <Symbol text="➮" />
        <Symbol text="➭" />
        <Symbol text="➠" />
        <Symbol text="➡" />

        <Symbol text="➢" />
        <Symbol text="➣" />
        <Symbol text="➤" />
        <Symbol text="➥" />
        <Symbol text="➦" />

        <Symbol text="➧" />
        <Symbol text="➨" />

    </Category>
    <Category name="11.特殊" column="4" comment="特殊符号" lock="true" class="1">

        <Symbol text="△" />
        <Symbol text="▽" />
        <Symbol text="○" />
        <Symbol text="◇" />
        <Symbol text="□" />

        <Symbol text="☆" />
        <Symbol text="▷" />
        <Symbol text="◁" />
        <Symbol text="♤" />
        <Symbol text="♡" />

        <Symbol text="♢" />
        <Symbol text="♧" />
        <Symbol text="▲" />
        <Symbol text="▼" />
        <Symbol text="●" />

        <Symbol text="◆" />
        <Symbol text="■" />
        <Symbol text="★" />
        <Symbol text="▶" />
        <Symbol text="◀" />

        <Symbol text="♠" />
        <Symbol text="♥" />
        <Symbol text="♦" />
        <Symbol text="♣" />
        <Symbol text="囍" />

        <Symbol text="☼" />
        <Symbol text="☽" />
        <Symbol text="☺" />
        <Symbol text="◐" />
        <Symbol text="☑" />

        <Symbol text="√" />
        <Symbol text="✔" />
        <Symbol text="㏂" />
        <Symbol text="☀" />
        <Symbol text="☾" />

        <Symbol text="♂" />
        <Symbol text="☹" />
        <Symbol text="◑" />
        <Symbol text="×" />
        <Symbol text="✘" />

        <Symbol text="☚" />
        <Symbol text="☛" />
        <Symbol text="㏘" />
        <Symbol text="▪" />
        <Symbol text="•" />

        <Symbol text="‥" />
        <Symbol text="…" />
        <Symbol text="▁" />
        <Symbol text="▂" />
        <Symbol text="▃" />

        <Symbol text="▄" />
        <Symbol text="▅" />
        <Symbol text="▆" />
        <Symbol text="▇" />
        <Symbol text="█" />

        <Symbol text="∷" />
        <Symbol text="※" />
        <Symbol text="░" />
        <Symbol text="▒" />
        <Symbol text="▓" />

        <Symbol text="▏" />
        <Symbol text="▎" />
        <Symbol text="▍" />
        <Symbol text="▌" />
        <Symbol text="▋" />

        <Symbol text="▊" />
        <Symbol text="▉" />
        <Symbol text="♩" />
        <Symbol text="♪" />
        <Symbol text="♫" />

        <Symbol text="♬" />
        <Symbol text="§" />
        <Symbol text="〼" />
        <Symbol text="◎" />
        <Symbol text="¤" />

        <Symbol text="۞" />
        <Symbol text="℗" />
        <Symbol text="®" />
        <Symbol text="©" />
        <Symbol text="♭" />

        <Symbol text="♯" />
        <Symbol text="♮" />
        <Symbol text="‖" />
        <Symbol text="¶" />
        <Symbol text="卍" />

        <Symbol text="卐" />
        <Symbol text="▬" />
        <Symbol text="〓" />
        <Symbol text="℡" />
        <Symbol text="™" />

        <Symbol text="㏇" />
        <Symbol text="☌" />
        <Symbol text="☍" />
        <Symbol text="☋" />
        <Symbol text="☊" />

        <Symbol text="㉿" />
        <Symbol text="◮" />
        <Symbol text="◪" />
        <Symbol text="◔" />
        <Symbol text="◕" />

        <Symbol text="@" />
        <Symbol text="㈱" />
        <Symbol text="№" />
        <Symbol text="♈" />
        <Symbol text="♉" />

        <Symbol text="♊" />
        <Symbol text="♋" />
        <Symbol text="♌" />
        <Symbol text="♎" />
        <Symbol text="♏" />

        <Symbol text="♐" />
        <Symbol text="♑" />
        <Symbol text="♓" />
        <Symbol text="♒" />
        <Symbol text="♍" />

        <Symbol text="☴" />
        <Symbol text="☲" />
        <Symbol text="☷" />
        <Symbol text="☳" />
        <Symbol text="☯" />

        <Symbol text="☱" />
        <Symbol text="☶" />
        <Symbol text="☵" />
        <Symbol text="☰" />
        <Symbol text="*" />

        <Symbol text="＊" />
        <Symbol text="✲" />
        <Symbol text="❈" />
        <Symbol text="❉" />
        <Symbol text="✿" />

        <Symbol text="❀" />
        <Symbol text="❃" />
        <Symbol text="❁" />
        <Symbol text="☸" />
        <Symbol text="✖" />

        <Symbol text="✚" />
        <Symbol text="✪" />
        <Symbol text="❤" />
        <Symbol text="ღ" />
        <Symbol text="❦" />

        <Symbol text="❧" />
        <Symbol text="₪" />
        <Symbol text="✎" />
        <Symbol text="✍" />
        <Symbol text="✌" />

        <Symbol text="✁" />
        <Symbol text="✄" />
        <Symbol text="☁" />
        <Symbol text="☂" />
        <Symbol text="☃" />

        <Symbol text="☄" />
        <Symbol text="♨" />
        <Symbol text="☇" />
        <Symbol text="☈" />
        <Symbol text="☡" />

        <Symbol text="➷" />
        <Symbol text="⊹" />
        <Symbol text="✉" />
        <Symbol text="☏" />
        <Symbol text="☢" />

        <Symbol text="☣" />
        <Symbol text="☠" />
        <Symbol text="☮" />
        <Symbol text="〄" />
        <Symbol text="➹" />

        <Symbol text="☩" />
        <Symbol text="ஐ" />
        <Symbol text="☎" />
        <Symbol text="✈" />
        <Symbol text="〠" />

        <Symbol text="۩" />
        <Symbol text="✙" />
        <Symbol text="✟" />
        <Symbol text="☤" />
        <Symbol text="☥" />

        <Symbol text="☦" />
        <Symbol text="☧" />
        <Symbol text="☨" />
        <Symbol text="☫" />
        <Symbol text="☬" />

        <Symbol text="♟" />
        <Symbol text="♙" />
        <Symbol text="♜" />
        <Symbol text="♖" />
        <Symbol text="♞" />

        <Symbol text="♘" />
        <Symbol text="♝" />
        <Symbol text="♗" />
        <Symbol text="♛" />
        <Symbol text="♕" />

        <Symbol text="♚" />
        <Symbol text="♔" />
        <Symbol text="✁" />
        <Symbol text="✄" />
        <Symbol text="✃" />

        <Symbol text="✕" />
        <Symbol text="✘" />
        <Symbol text="❥" />
        <Symbol text="✪" />
        <Symbol text="☒" />

        <Symbol text="❅" />
        <Symbol text="✣" />
        <Symbol text="✰" />
        <Symbol text="⚀" />
        <Symbol text="⚁" />

        <Symbol text="⚂" />
        <Symbol text="⚃" />
        <Symbol text="⚄" />
        <Symbol text="⚅" />

    </Category>
    <Category name="12.拼音" column="4" comment="汉语拼音" lock="true" class="2">

        <Symbol text="ā" />
        <Symbol text="á" />
        <Symbol text="ǎ" />
        <Symbol text="à" />
        <Symbol text="ō" />

        <Symbol text="ó" />
        <Symbol text="ǒ" />
        <Symbol text="ò" />
        <Symbol text="ē" />
        <Symbol text="é" />

        <Symbol text="ě" />
        <Symbol text="è" />
        <Symbol text="ī" />
        <Symbol text="í" />
        <Symbol text="ǐ" />

        <Symbol text="ì" />
        <Symbol text="ū" />
        <Symbol text="ú" />
        <Symbol text="ǔ" />
        <Symbol text="ù" />

        <Symbol text="ǖ" />
        <Symbol text="ǘ" />
        <Symbol text="ǚ" />
        <Symbol text="ǜ" />
        <Symbol text="ü" />
    </Category>
    <Category name="13.注音" column="4" comment="注音符号" lock="true" class="1">

        <Symbol text="ㄅ" />
        <Symbol text="ㄆ" />
        <Symbol text="ㄇ" />
        <Symbol text="ㄈ" />
        <Symbol text="ㄉ" />

        <Symbol text="ㄊ" />
        <Symbol text="ㄋ" />
        <Symbol text="ㄌ" />
        <Symbol text="ㄍ" />
        <Symbol text="ㄎ" />

        <Symbol text="ㄏ" />
        <Symbol text="ㄐ" />
        <Symbol text="ㄑ" />
        <Symbol text="ㄒ" />
        <Symbol text="ㄓ" />

        <Symbol text="ㄔ" />
        <Symbol text="ㄕ" />
        <Symbol text="ㄖ" />
        <Symbol text="ㄗ" />
        <Symbol text="ㄘ" />

        <Symbol text="ㄙ" />
        <Symbol text="ㄧ" />
        <Symbol text="ㄨ" />
        <Symbol text="ㄩ" />
        <Symbol text="ㄚ" />

        <Symbol text="ㄛ" />
        <Symbol text="ㄜ" />
        <Symbol text="ㄝ" />
        <Symbol text="ㄞ" />
        <Symbol text="ㄟ" />

        <Symbol text="ㄠ" />
        <Symbol text="ㄡ" />
        <Symbol text="ㄢ" />
        <Symbol text="ㄣ" />
        <Symbol text="ㄤ" />

        <Symbol text="ㄥ" />
        <Symbol text="ㄦ" />
    </Category>
    <Category name="14.竖标" column="4" comment="竖标符号" lock="true" class="1">

        <Symbol text="︐" />
        <Symbol text="︑" />
        <Symbol text="︒" />
        <Symbol text="︓" />
        <Symbol text="︔" />

        <Symbol text="︕" />
        <Symbol text="︖" />
        <Symbol text="︵" />
        <Symbol text="︶" />
        <Symbol text="︷" />

        <Symbol text="︸" />
        <Symbol text="︹" />
        <Symbol text="︺" />
        <Symbol text="︿" />
        <Symbol text="﹀" />

        <Symbol text="︽" />
        <Symbol text="︾" />
        <Symbol text="﹁" />
        <Symbol text="﹂" />
        <Symbol text="﹃" />

        <Symbol text="﹄" />
        <Symbol text="︻" />
        <Symbol text="︼" />
        <Symbol text="︗" />
        <Symbol text="︘" />

        <Symbol text="_" />
        <Symbol text="¯" />
        <Symbol text="＿" />
        <Symbol text="￣" />
        <Symbol text="﹏" />

        <Symbol text="﹋" />
        <Symbol text="﹍" />
        <Symbol text="﹉" />
        <Symbol text="﹎" />
        <Symbol text="﹊" />

        <Symbol text="¦" />
        <Symbol text="︴" />
        <Symbol text="¡" />
        <Symbol text="¿" />
        <Symbol text="^" />

        <Symbol text="ˇ" />
        <Symbol text="¨" />
        <Symbol text="ˊ" />


    </Category>
    <Category name="15.部首" column="4" comment="部首偏旁" lock="true" class="1">

        <Symbol text="丨" />
        <Symbol text="亅" />
        <Symbol text="丿" />
        <Symbol text="乛" />
        <Symbol text="一" />

        <Symbol text="乙" />
        <Symbol text="乚" />
        <Symbol text="丶" />
        <Symbol text="八" />
        <Symbol text="勹" />

        <Symbol text="匕" />
        <Symbol text="冫" />
        <Symbol text="卜" />
        <Symbol text="厂" />
        <Symbol text="刀" />

        <Symbol text="刂" />
        <Symbol text="儿" />
        <Symbol text="二" />
        <Symbol text="匚" />
        <Symbol text="阝" />

        <Symbol text="丷" />
        <Symbol text="几" />
        <Symbol text="卩" />
        <Symbol text="冂" />
        <Symbol text="力" />

        <Symbol text="冖" />
        <Symbol text="凵" />
        <Symbol text="人" />
        <Symbol text="亻" />
        <Symbol text="入" />

        <Symbol text="十" />
        <Symbol text="厶" />
        <Symbol text="亠" />
        <Symbol text="匸" />
        <Symbol text="讠" />

        <Symbol text="廴" />
        <Symbol text="又" />
        <Symbol text="艹" />
        <Symbol text="屮" />
        <Symbol text="彳" />

        <Symbol text="巛" />
        <Symbol text="川" />
        <Symbol text="辶" />
        <Symbol text="寸" />
        <Symbol text="大" />

        <Symbol text="飞" />
        <Symbol text="干" />
        <Symbol text="工" />
        <Symbol text="弓" />
        <Symbol text="廾" />

        <Symbol text="广" />
        <Symbol text="己" />
        <Symbol text="彐" />
        <Symbol text="彑" />
        <Symbol text="巾" />

        <Symbol text="口" />
        <Symbol text="马" />
        <Symbol text="门" />
        <Symbol text="宀" />
        <Symbol text="女" />

        <Symbol text="犭" />
        <Symbol text="山" />
        <Symbol text="彡" />
        <Symbol text="尸" />
        <Symbol text="饣" />

        <Symbol text="士" />
        <Symbol text="扌" />
        <Symbol text="氵" />
        <Symbol text="纟" />
        <Symbol text="巳" />

        <Symbol text="土" />
        <Symbol text="囗" />
        <Symbol text="兀" />
        <Symbol text="夕" />
        <Symbol text="小" />

        <Symbol text="忄" />
        <Symbol text="幺" />
        <Symbol text="弋" />
        <Symbol text="尢" />
        <Symbol text="夂" />

        <Symbol text="子" />
        <Symbol text="贝" />
        <Symbol text="比" />
        <Symbol text="灬" />
        <Symbol text="长" />

        <Symbol text="车" />
        <Symbol text="歹" />
        <Symbol text="斗" />
        <Symbol text="厄" />
        <Symbol text="方" />

        <Symbol text="风" />
        <Symbol text="父" />
        <Symbol text="戈" />
        <Symbol text="卝" />
        <Symbol text="户" />

        <Symbol text="火" />
        <Symbol text="旡" />
        <Symbol text="见" />
        <Symbol text="斤" />
        <Symbol text="耂" />

        <Symbol text="毛" />
        <Symbol text="木" />
        <Symbol text="肀" />
        <Symbol text="牛" />
        <Symbol text="牜" />

        <Symbol text="爿" />
        <Symbol text="片" />
        <Symbol text="攴" />
        <Symbol text="攵" />
        <Symbol text="气" />

        <Symbol text="欠" />
        <Symbol text="犬" />
        <Symbol text="日" />
        <Symbol text="氏" />
        <Symbol text="礻" />

        <Symbol text="手" />
        <Symbol text="殳" />
        <Symbol text="水" />
        <Symbol text="瓦" />
        <Symbol text="尣" />

        <Symbol text="王" />
        <Symbol text="韦" />
        <Symbol text="文" />
        <Symbol text="毋" />
        <Symbol text="心" />

        <Symbol text="牙" />
        <Symbol text="爻" />
        <Symbol text="曰" />
        <Symbol text="月" />
        <Symbol text="爫" />

        <Symbol text="支" />
        <Symbol text="止" />
        <Symbol text="爪" />
        <Symbol text="白" />
        <Symbol text="癶" />

        <Symbol text="歺" />
        <Symbol text="甘" />
        <Symbol text="瓜" />
        <Symbol text="禾" />
        <Symbol text="钅" />

        <Symbol text="立" />
        <Symbol text="龙" />
        <Symbol text="矛" />
        <Symbol text="皿" />
        <Symbol text="母" />

        <Symbol text="目" />
        <Symbol text="疒" />
        <Symbol text="鸟" />
        <Symbol text="皮" />
        <Symbol text="生" />

        <Symbol text="石" />
        <Symbol text="矢" />
        <Symbol text="示" />
        <Symbol text="罒" />
        <Symbol text="田" />

        <Symbol text="玄" />
        <Symbol text="穴" />
        <Symbol text="疋" />
        <Symbol text="业" />
        <Symbol text="衤" />

        <Symbol text="用" />
        <Symbol text="玉" />
        <Symbol text="耒" />
        <Symbol text="艸" />
        <Symbol text="臣" />

        <Symbol text="虫" />
        <Symbol text="而" />
        <Symbol text="耳" />
        <Symbol text="缶" />
        <Symbol text="艮" />

        <Symbol text="虍" />
        <Symbol text="臼" />
        <Symbol text="米" />
        <Symbol text="齐" />
        <Symbol text="肉" />

        <Symbol text="色" />
        <Symbol text="舌" />
        <Symbol text="覀" />
        <Symbol text="页" />
        <Symbol text="先" />

        <Symbol text="行" />
        <Symbol text="血" />
        <Symbol text="羊" />
        <Symbol text="聿" />
        <Symbol text="至" />

        <Symbol text="舟" />
        <Symbol text="衣" />
        <Symbol text="竹" />
        <Symbol text="自" />
        <Symbol text="羽" />

        <Symbol text="糸" />
        <Symbol text="糹" />
        <Symbol text="貝" />
        <Symbol text="采" />
        <Symbol text="镸" />

        <Symbol text="車" />
        <Symbol text="辰" />
        <Symbol text="赤" />
        <Symbol text="辵" />
        <Symbol text="豆" />

        <Symbol text="谷" />
        <Symbol text="見" />
        <Symbol text="角" />
        <Symbol text="克" />
        <Symbol text="里" />

        <Symbol text="卤" />
        <Symbol text="麦" />
        <Symbol text="身" />
        <Symbol text="豕" />
        <Symbol text="辛" />

        <Symbol text="言" />
        <Symbol text="邑" />
        <Symbol text="酉" />
        <Symbol text="豸" />
        <Symbol text="走" />

        <Symbol text="足" />
        <Symbol text="青" />
        <Symbol text="靑" />
        <Symbol text="雨" />
        <Symbol text="齿" />

        <Symbol text="長" />
        <Symbol text="非" />
        <Symbol text="阜" />
        <Symbol text="金" />
        <Symbol text="釒" />

        <Symbol text="隶" />
        <Symbol text="門" />
        <Symbol text="靣" />
        <Symbol text="飠" />
        <Symbol text="鱼" />

        <Symbol text="隹" />
        <Symbol text="風" />
        <Symbol text="革" />
        <Symbol text="骨" />
        <Symbol text="鬼" />

        <Symbol text="韭" />
        <Symbol text="面" />
        <Symbol text="首" />
        <Symbol text="韋" />
        <Symbol text="香" />

        <Symbol text="頁" />
        <Symbol text="音" />
        <Symbol text="髟" />
        <Symbol text="鬯" />
        <Symbol text="鬥" />

        <Symbol text="高" />
        <Symbol text="鬲" />
        <Symbol text="馬" />
        <Symbol text="黄" />
        <Symbol text="鹵" />

        <Symbol text="鹿" />
        <Symbol text="麻" />
        <Symbol text="麥" />
        <Symbol text="鳥" />
        <Symbol text="魚" />

        <Symbol text="鼎" />
        <Symbol text="黑" />
        <Symbol text="黽" />
        <Symbol text="黍" />
        <Symbol text="黹" />

        <Symbol text="鼓" />
        <Symbol text="鼠" />
        <Symbol text="鼻" />
        <Symbol text="齊" />
        <Symbol text="齒" />

        <Symbol text="龍" />
        <Symbol text="龠" />

    </Category>
    <Category name="16.俄语" column="4" comment="俄语字母" lock="true" class="2">
        
        <Symbol text="а" />
        <Symbol text="б" />
        <Symbol text="в" />
        <Symbol text="г" />
        <Symbol text="д" />

        <Symbol text="е" />
        <Symbol text="ё" />
        <Symbol text="ж" />
        <Symbol text="з" />
        <Symbol text="и" />

        <Symbol text="й" />
        <Symbol text="к" />
        <Symbol text="л" />
        <Symbol text="м" />
        <Symbol text="н" />

        <Symbol text="о" />
        <Symbol text="п" />
        <Symbol text="р" />
        <Symbol text="с" />
        <Symbol text="т" />

        <Symbol text="у" />
        <Symbol text="ф" />
        <Symbol text="х" />
        <Symbol text="ц" />
        <Symbol text="ч" />

        <Symbol text="ш" />
        <Symbol text="щ" />
        <Symbol text="ъ" />
        <Symbol text="ы" />
        <Symbol text="ь" />

        <Symbol text="э" />
        <Symbol text="ю" />
        <Symbol text="я" />
        <Symbol text="А" />
        <Symbol text="Б" />

        <Symbol text="В" />
        <Symbol text="Г" />
        <Symbol text="Д" />
        <Symbol text="Е" />
        <Symbol text="Ё" />

        <Symbol text="Ж" />
        <Symbol text="З" />
        <Symbol text="И" />
        <Symbol text="Й" />
        <Symbol text="К" />

        <Symbol text="Л" />
        <Symbol text="М" />
        <Symbol text="Н" />
        <Symbol text="О" />
        <Symbol text="П" />

        <Symbol text="Р" />
        <Symbol text="С" />
        <Symbol text="Т" />
        <Symbol text="У" />
        <Symbol text="Ф" />

        <Symbol text="Х" />
        <Symbol text="Ц" />
        <Symbol text="Ч" />
        <Symbol text="Ш" />
        <Symbol text="Щ" />

        <Symbol text="Ъ" />
        <Symbol text="Ы" />
        <Symbol text="Ь" />
        <Symbol text="Э" />
        <Symbol text="Ю" />

        <Symbol text="Я" />
    </Category>
    <Category name="17.希腊" column="4" comment="希腊字母" lock="true" class="2">

        <Symbol text="Α" />
        <Symbol text="Β" />
        <Symbol text="Γ" />
        <Symbol text="Δ" />
        <Symbol text="Ε" />

        <Symbol text="Ζ" />
        <Symbol text="Η" />
        <Symbol text="Θ" />
        <Symbol text="Ι" />
        <Symbol text="Κ" />

        <Symbol text="Λ" />
        <Symbol text="Μ" />
        <Symbol text="Ν" />
        <Symbol text="Ξ" />
        <Symbol text="Ο" />

        <Symbol text="Π" />
        <Symbol text="Ρ" />
        <Symbol text="Σ" />
        <Symbol text="Τ" />
        <Symbol text="Υ" />

        <Symbol text="Φ" />
        <Symbol text="Χ" />
        <Symbol text="Ψ" />
        <Symbol text="Ω" />
        <Symbol text="α" />

        <Symbol text="β" />
        <Symbol text="γ" />
        <Symbol text="δ" />
        <Symbol text="ε" />
        <Symbol text="ζ" />

        <Symbol text="η" />
        <Symbol text="θ" />
        <Symbol text="ι" />
        <Symbol text="κ" />
        <Symbol text="λ" />

        <Symbol text="μ" />
        <Symbol text="ν" />
        <Symbol text="ξ" />
        <Symbol text="ο" />
        <Symbol text="π" />

        <Symbol text="ρ" />
        <Symbol text="σ" />
        <Symbol text="τ" />
        <Symbol text="υ" />
        <Symbol text="φ" />

        <Symbol text="χ" />
        <Symbol text="ψ" />
        <Symbol text="ω" />

    </Category>
    <Category name="18.拉丁" column="4" comment="拉丁字母" lock="true" class="2">


        <Symbol text="À" />
        <Symbol text="Á" />
        <Symbol text="Â" />
        <Symbol text="Ã" />
        <Symbol text="Ä" />

        <Symbol text="Å" />
        <Symbol text="Ā" />
        <Symbol text="Æ" />
        <Symbol text="Ç" />
        <Symbol text="È" />

        <Symbol text="É" />
        <Symbol text="Ê" />
        <Symbol text="Ë" />
        <Symbol text="Ē" />
        <Symbol text="Ì" />

        <Symbol text="Í" />
        <Symbol text="Î" />
        <Symbol text="Ï" />
        <Symbol text="Ī" />
        <Symbol text="Ð" />

        <Symbol text="Ñ" />
        <Symbol text="Ò" />
        <Symbol text="Ó" />
        <Symbol text="Ô" />
        <Symbol text="Õ" />

        <Symbol text="Ö" />
        <Symbol text="Ō" />
        <Symbol text="Ø" />
        <Symbol text="Œ" />
        <Symbol text="Ù" />

        <Symbol text="Ú" />
        <Symbol text="Û" />
        <Symbol text="Ü" />
        <Symbol text="Ū" />
        <Symbol text="Ý" />

        <Symbol text="Ÿ" />
        <Symbol text="Þ" />
        <Symbol text="Š" />
        <Symbol text="à" />
        <Symbol text="á" />

        <Symbol text="â" />
        <Symbol text="ã" />
        <Symbol text="ä" />
        <Symbol text="å" />
        <Symbol text="æ" />

        <Symbol text="ç" />
        <Symbol text="è" />
        <Symbol text="é" />
        <Symbol text="ê" />
        <Symbol text="ë" />

        <Symbol text="ē" />
        <Symbol text="ì" />
        <Symbol text="í" />
        <Symbol text="î" />
        <Symbol text="ǐ" />

        <Symbol text="ï" />
        <Symbol text="ī" />
        <Symbol text="ð" />
        <Symbol text="ñ" />
        <Symbol text="ò" />

        <Symbol text="ó" />
        <Symbol text="õ" />
        <Symbol text="ǒ" />
        <Symbol text="ô" />
        <Symbol text="ö" />

        <Symbol text="ō" />
        <Symbol text="ø" />
        <Symbol text="œ" />
        <Symbol text="ù" />
        <Symbol text="ú" />

        <Symbol text="ǔ" />
        <Symbol text="û" />
        <Symbol text="ü" />
        <Symbol text="ū" />
        <Symbol text="ý" />

        <Symbol text="þ" />
        <Symbol text="š" />
        <Symbol text="ÿ" />

    </Category>
    <Category name="19.制表" column="4" comment="制表符号" lock="true" class="1">

        <Symbol text="┝" />
        <Symbol text="┞" />
        <Symbol text="┟" />
        <Symbol text="┠" />
        <Symbol text="┡" />

        <Symbol text="┢" />
        <Symbol text="═" />
        <Symbol text="╞" />
        <Symbol text="╟" />
        <Symbol text="╡" />

        <Symbol text="╢" />
        <Symbol text="╪" />
        <Symbol text="┭" />
        <Symbol text="┮" />
        <Symbol text="┯" />

        <Symbol text="┰" />
        <Symbol text="┱" />
        <Symbol text="┲" />
        <Symbol text="║" />
        <Symbol text="╤" />

        <Symbol text="╥" />
        <Symbol text="╧" />
        <Symbol text="╨" />
        <Symbol text="╫" />
        <Symbol text="┥" />

        <Symbol text="┦" />
        <Symbol text="┧" />
        <Symbol text="┨" />
        <Symbol text="┩" />
        <Symbol text="┪" />

        <Symbol text="┽" />
        <Symbol text="┾" />
        <Symbol text="┿" />
        <Symbol text="╀" />
        <Symbol text="╁" />

        <Symbol text="╂" />
        <Symbol text="┵" />
        <Symbol text="┶" />
        <Symbol text="┷" />
        <Symbol text="┸" />

        <Symbol text="┹" />
        <Symbol text="┺" />
        <Symbol text="╄" />
        <Symbol text="╅" />
        <Symbol text="╆" />

        <Symbol text="╇" />
        <Symbol text="╈" />
        <Symbol text="╉" />
        <Symbol text="┈" />
        <Symbol text="┉" />

        <Symbol text="┊" />
        <Symbol text="┋" />
        <Symbol text="╃" />
        <Symbol text="╊" />
        <Symbol text="┍" />

        <Symbol text="┑" />
        <Symbol text="┕" />
        <Symbol text="┙" />
        <Symbol text="┎" />
        <Symbol text="┒" />

        <Symbol text="┖" />
        <Symbol text="┚" />
        <Symbol text="╒" />
        <Symbol text="╕" />
        <Symbol text="╘" />

        <Symbol text="╛" />
        <Symbol text="╓" />
        <Symbol text="╖" />
        <Symbol text="╙" />
        <Symbol text="╜" />

        <Symbol text="┄" />

        <Symbol text="┅" />
        <Symbol text="┆" />
        <Symbol text="┇" />
        <Symbol text="┌" />
        <Symbol text="┬" />

        <Symbol text="┐" />
        <Symbol text="├" />
        <Symbol text="┼" />
        <Symbol text="┤" />
        <Symbol text="└" />

        <Symbol text="┴" />
        <Symbol text="┘" />
        <Symbol text="┏" />
        <Symbol text="┳" />
        <Symbol text="┓" />

        <Symbol text="┣" />
        <Symbol text="╋" />
        <Symbol text="┫" />
        <Symbol text="┗" />
        <Symbol text="┻" />

        <Symbol text="┛" />
        <Symbol text="╔" />
        <Symbol text="╦" />
        <Symbol text="╗" />
        <Symbol text="╠" />

        <Symbol text="╬" />
        <Symbol text="╣" />
        <Symbol text="╚" />
        <Symbol text="╩" />
        <Symbol text="╝" />

    </Category>
    <Category name="20.土音" column="4" comment="土音符号" lock="true" class="1">

        <Symbol text="ᐁ" />
        <Symbol text="ᐂ" />
        <Symbol text="ᐃ" />
        <Symbol text="ᐄ" />
        <Symbol text="ᐅ" />

        <Symbol text="ᐆ" />
        <Symbol text="ᐇ" />
        <Symbol text="ᐈ" />
        <Symbol text="ᐉ" />
        <Symbol text="ᐊ" />

        <Symbol text="ᐋ" />
        <Symbol text="ᐒ" />
        <Symbol text="ᐓ" />
        <Symbol text="ᐜ" />
        <Symbol text="ᐷ" />

        <Symbol text="ᐶ" />
        <Symbol text="ᐵ" />
        <Symbol text="ᐴ" />
        <Symbol text="ᐳ" />
        <Symbol text="ᑄ" />

        <Symbol text="ᑅ" />
        <Symbol text="ᑌ" />
        <Symbol text="ᑍ" />
        <Symbol text="ᑏ" />
        <Symbol text="ᑎ" />

        <Symbol text="ᑒ" />
        <Symbol text="ᑓ" />
        <Symbol text="ᑔ" />
        <Symbol text="ᑞ" />
        <Symbol text="ᑡ" />

        <Symbol text="ᑫ" />
        <Symbol text="ᑬ" />
        <Symbol text="ᑭ" />
        <Symbol text="ᑮ" />
        <Symbol text="ᑯ" />

        <Symbol text="ᑱ" />
        <Symbol text="ᑰ" />
        <Symbol text="ᑳ" />
        <Symbol text="ᑴ" />
        <Symbol text="ᑷ" />

        <Symbol text="ᒎ" />
        <Symbol text="ᒏ" />
        <Symbol text="ᒑ" />
        <Symbol text="ᒠ" />
        <Symbol text="ᒢ" />

        <Symbol text="ᒡ" />
        <Symbol text="ᒤ" />
        <Symbol text="ᒥ" />
        <Symbol text="ᒦ" />
        <Symbol text="ᓀ" />

        <Symbol text="ᓂ" />
        <Symbol text="ᓁ" />
        <Symbol text="ᓃ" />
        <Symbol text="ᓄ" />
        <Symbol text="ᓉ" />

        <Symbol text="ᓋ" />
        <Symbol text="ᓔ" />
        <Symbol text="ᓖ" />
        <Symbol text="ᓙ" />
        <Symbol text="ᓛ" />

        <Symbol text="ᓳ" />
        <Symbol text="ᓻ" />
        <Symbol text="ᓵ" />
        <Symbol text="ᓲ" />
        <Symbol text="ᓰ" />

        <Symbol text="ᔂ" />
        <Symbol text="ᓿ" />
        <Symbol text="ᓾ" />
        <Symbol text="ᗤ" />
        <Symbol text="ᗥ" />

        <Symbol text="ᗦ" />
        <Symbol text="ᘑ" />
        <Symbol text="ᘗ" />
        <Symbol text="ᘜ" />
        <Symbol text="ᘲ" />

        <Symbol text="ᙀ" />
        <Symbol text="ᙁ" />

    </Category>
    <Category name="21.藏文" column="4" comment="藏文字母" lock="true" class="2">

        <Symbol text="྅" />
        <Symbol text="ཽ" />
        <Symbol text="༒" />
        <Symbol text="ྀ" />
        <Symbol text="ི" />

        <Symbol text="༄༅" />
        <Symbol text="༽" />
        <Symbol text="༼" />
        <Symbol text="ཨོཾ" />
        <Symbol text="།" />

        <Symbol text="ྈ" />
        <Symbol text="ༀ" />
        <Symbol text="༂" />
        <Symbol text="༃" />
        <Symbol text="༆" />

        <Symbol text="༇" />
        <Symbol text="༈" />
        <Symbol text="༉" />
        <Symbol text="༊" />
        <Symbol text="༓" />

        <Symbol text="༔" />
        <Symbol text="༕" />
        <Symbol text="༖" />
        <Symbol text="༗" />
        <Symbol text="༙" />

        <Symbol text="༜" />
        <Symbol text="༴" />
        <Symbol text="༵" />
        <Symbol text="༶" />
        <Symbol text="༷" />

        <Symbol text="༺" />
        <Symbol text="༻" />
        <Symbol text="༾" />
        <Symbol text="༿" />
        <Symbol text="ི" />

        <Symbol text="ུ" />
        <Symbol text="ེ" />
        <Symbol text="ོ" />
        <Symbol text="་" />
        <Symbol text="།" />

        <Symbol text="ྲ" />
        <Symbol text="ྱ" />
        <Symbol text="༡" />
        <Symbol text="༢" />
        <Symbol text="༣" />

        <Symbol text="༤" />
        <Symbol text="༥" />
        <Symbol text="༦" />
        <Symbol text="༧" />
        <Symbol text="༨" />

        <Symbol text="༩" />
        <Symbol text="༠" />

    </Category>
</Symbols>

