<?xml version="1.0" encoding="utf-8" standalone="yes" ?>
<Window size="285,56" minwidth="285" minheight="56" bkimage="skin1.svg,4,4,4,4" name="compWnd">
	<Font name="宋体" size="16"/> <!-- 0 -->
	<Font name="微软雅黑" size="16"/> <!-- 1 -->
	<!-- 由于绘制先后顺序的缘故，需按照如下规则：compbk candbk(必须配置，否则双色背景会有切换问题) -> complogo(可以不配置) -> 
		compString -> candString -> separator(可设置visible属性显示/不显示) —> caret（配置光标，大小和候选拼音一致） -> 
		pageup pagedown(配置翻页按钮，利用padding控制翻页按钮距离整个候选窗口的边距，horizon模式配置翻页按钮padding.right,
		vertical模式配置padding.left 和padding.bottom). ps:所有皮肤目前的翻页按钮padding一致（初始化一次） -->
	<Control name="compbk" bkimage="" minheight="27" padding="0,0,0,0" pos="0,0" visible="true" enablemove="true"/>
    <Control name="candbk" bkimage="" minheight="28" padding="0,0,0,0" pos="0,28" visible="true" enablemove="true"/>
	<CompString name="CompString" textcolor="0xff4b4b4b"  font="1" margin="2,2,11,6" minheight="27"/>
	<CandString name="CandString"  focus_candString_color="0xffea5535" candString_color="0xff4b4b4b" candStringPressBgClr="0x33ea5535" candStringPressTextClr="0x33ea5535" margin="2,2,8,6" minheight="28"/>
	<Control name="separator" bkcolor="0xffd8d8d8" visible="false"/>
	<Caret name="caret" bkcolor="0xffea5535"/>
	<Button name="pageup" normalimage="ov_pageup_on1.svg" hotimage="ov_pageup_on2.svg" pushedimage="ov_pageup_on3.svg" disabledimage="ov_pageup_off1.svg" size="15,15" pos="29,3" padding="7,0,0,8"/>
	<Button name="pagedown" normalimage="ov_pagedown_on1.svg" hotimage="ov_pagedown_on2.svg" pushedimage="ov_pagedown_on3.svg" disabledimage="ov_pagedown_off1.svg" size="15,15" pos="51,3" padding="0,0,11,0"/>
	<Control name="compLogo" size="28,28" pos="260,10"  bkimage="comp-logo.svg" padding="0,3,3,0" />
</Window>
