<?xml version="1.0" encoding="utf-8" standalone="yes" ?>
<Window size="283,29" bkimage="bar.svg,20,10,10,10" name="statusWnd">
	<Font name="微软雅黑" size="24"/> <!-- 0 -->
	<Control name="logo" bkimage="logo1.svg" size="30,30" pos="0,0" visible="true" />
	<Button name="language" size="22,22" pos="31,4" />
	<Button name="jaOutCharType" size="22,22" pos="54,4" />
	<Button name="jaRomaKana" size="40,22" pos="77,4" />
	<Button name="punctuation" size="22,22" pos="118,4" />
	<Button name="pinyinwubi" size="22,22" pos="141,4"/>
	<Button name="handInput" normalimage="handinput1.svg" hotimage="handinput1_hover.svg" pushedimage="handinput1_press.svg" disabledimage="handinput1_disable.svg" size="22,22" pos="164,4"/>
	<Button name="voiceInput" normalimage="voice1.svg" hotimage="voice1_hover.svg" pushedimage="voice1_press.svg" disabledimage="voice1_disable.svg" size="22,22" pos="187,4"/>
	<Button name="voiceControl" normalimage="voiceOperation.svg" hotimage="voiceOperation_hover.svg" pushedimage="voiceOperation_press.svg" disabledimage="voiceOperation_disable.svg" size="22,22" pos="210,4"/>
	<Button name="voiceTTS" normalimage="tts_normal.svg" hotimage="tts_hover.svg" pushedimage="tts_press.svg" disabledimage="tts_disable.svg" size="22,22" pos="233,4"/>
	<Button name="setting" normalimage="setting.svg" hotimage="setting_hover.svg" pushedimage="setting_press.svg" disabledimage="setting_disable.svg" size="22,22" pos="256,4"/>
	
</Window>
