<?xml version="1.0" encoding="utf-8"?>

<Window name="keyboard_base" size="1080,388" bkimage="main_wnd_bg.svg,3,3,3,3">
  <Font name="微软雅黑" size="40"/>  
  <!-- 0    24-->  
  <Font name="微软雅黑" size="37"/>  
  <!-- 1    22-->  
  <Font name="微软雅黑" size="34"/>  
  <!-- 2    20-->  
  <Font name="微软雅黑" size="32"/>  
  <!-- 3 	19-->  
  <Font name="微软雅黑" size="30"/>  
  <!-- 4 	18-->  
  <Font name="微软雅黑" size="28"/>  
  <!-- 5 	17-->  
  <Font name="微软雅黑" size="27"/>  
  <!-- 6  	16-->  
  <Font name="微软雅黑" size="24"/>  
  <!-- 7  	14 -->  
  <Font name="微软雅黑" size="20"/>  
  <!-- 8  	12 -->  
  <Font name="微软雅黑" size="19"/>  
  <!-- 9  	11 -->  
  <GlobalSetting name="globalsetting" productname="base" commit_keyboard_switch="true" support_fullscreen_hw="true" support_cloudinput="false" support_voiceinput="true" toastfont="5"/>  
  <Default name="Key" value="normalimage=&quot;key_qwerty.svg,10,10,10,10&quot; pushedimage=&quot;key_qwerty_pushed.svg,10,10,10,10'&quot; size=&quot;101,73&quot; font=&quot;1&quot; text_rect=&quot;0,0,0,0&quot; text_rect_offset=&quot;0,0,0,0&quot;    textcolor=&quot;0xFF525252&quot; text2_font=&quot;3&quot; text2_rect=&quot;22,0,13,14&quot; text2_color=&quot;0xff748999&quot;"/>
  <Style name="s_toolsBar_key" value="bkimage=&quot;trans.svg&quot; size=&quot;162,76&quot; fgsize=&quot;42,42&quot; text_rect_offset=&quot;0,0,0,0&quot; textcolor=&quot;0xFF525252&quot; normalimage=&quot;trans.svg&quot; pushedimage=&quot;btn_no_shadow_pushed.svg,3,3,3,3'&quot; fgimg_stretch_align=&quot;hcenter&quot;"/>
  <Style name="s_function_key" value="normalimage=&quot;key_func_qwerty.svg,10,10,10,10&quot; pushedimage=&quot;key_func_qwerty_pushed.svg,10,10,10,10&quot; size=&quot;108,81&quot; text_rect_offset=&quot;0,0,0,0&quot; font=&quot;3&quot; fgimg_stretch_align=&quot;hcenter&quot;"/>
  <Style name="s_function_enter_key" value="normalimage=&quot;key_func_qwerty.svg,10,10,10,10&quot; pushedimage=&quot;key_func_qwerty_pushed.svg,10,10,10,10&quot; size=&quot;155,73&quot; text_rect_offset=&quot;0,0,0,0&quot; font=&quot;3&quot;  fgsize=&quot;57,36&quot; fgimg_stretch_align=&quot;hcenter&quot; fgimg=&quot;btn_function_enter.svg&quot; fg_pushedimage=&quot;btn_function_enter_pushed.svg&quot; "/>
  <Style name="s_function_space_key" value="normalimage=&quot;key_func_qwerty.svg,10,10,10,10&quot; pushedimage=&quot;key_func_qwerty_pushed.svg,10,10,10,10&quot; size=&quot;208,73&quot; text_rect_offset=&quot;0,0,0,0&quot; font=&quot;3&quot; fgsize=&quot;59,15&quot; fgpos=&quot;74,38&quot; fgimg_stretch_align=&quot;hcenter&quot; fgimg=&quot;btn_function_space.svg&quot; fg_pushedimage=&quot;btn_function_space.svg&quot; "/>  
  <Style name="s_py9_key" value="bkimage=&quot;key_qwerty.svg,10,10,10,10&quot; pushedimage=&quot;key_qwerty_pushed.svg,10,10,10,10&quot; size=&quot;213,73&quot; textcolor=&quot;0xFF525252&quot; text_rect_offset=&quot;0,0,0,0&quot; font=&quot;3&quot;"/>
  <Style name="s_switch_keyboard_key" value="normalimage=&quot;trans.svg&quot; bkcolor=&quot;0x00000000&quot; hotcolor=&quot;0x00000000&quot; pushedimage=&quot;btn_no_shadow_pushed.svg,3,3,3,3&quot; checkedpushimage=&quot;btn_no_shadow_pushed.svg,3,3,3,3&quot; fgsize=&quot;74,69&quot; textcolor=&quot;0xFF8F8F8F&quot; text_rect_offset=&quot;0,0,0,0&quot; font=&quot;2&quot;"/>
  <Style name="s_direction_key" value="bkimage=&quot;trans.svg&quot; size=&quot;84,63&quot; fgsize=&quot;33,33&quot; text_rect_offset=&quot;0,0,0,0&quot; textcolor=&quot;0xFF525252&quot; normalimage=&quot;trans.svg&quot; pushedimage=&quot;btn_no_shadow_pushed.svg,3,3,3,3&quot; enablemove=&quot;true&quot; fgimg_stretch_align=&quot;hcenter&quot;" />
  <DataSource name="Symbols" type="gridData" source="sogou_symbols.xml"/>  
  <DataSource name="PY9Symbols" source="sogou_py_symbols.xml"/>  
  <DataSource name="NumberSymbols" source="sogou_number_symbols.xml"/>  
  <!-- ControlBar And CandidatesWnd -->  
  <Tab name="CandsOrToolsBar" default="ToolsBar" size="1080,76" pos="0,0"> 
    <Layout name="ToolsBar" pos="1,0" size="1078,76" bkimage="candidate_bg.svg" self_adjust_flag="true" self_adjust_size="2,0"> 
      <Key function="toggle_switch" permission="allow" name="toolsbarsetting" style="s_toolsBar_key" enablemove="true" pos="0,0" fgpos="60,17" fgimg="ime_function_logo_normal.svg" fg_pushedimage="ime_function_logo_pushed.svg" target_keyboard_layout="Keyboard_setting"/>
      <Key function="toggle_switch" permission="allow" name="toolsbarswitch" style="s_toolsBar_key" enablemove="true" pos="162,0" fgpos="60,17" fgimg="ime_function_switch_normal.svg" fg_pushedimage="ime_function_switch_pushed.svg" target_keyboard_layout="Keyboard_switch"/>  
      <Key function="direct_switch" name="toolsbarvoice" style="s_toolsBar_key" enablemove="true" pos="324,0" fgpos="60,17" fgimg="ime_function_voice_normal.svg" fg_pushedimage="ime_function_voice_pushed.svg" target_keyboard_layout="Keyboard_voice"/>
      <Key name="toolsbarsplite" bkimage="toolsbar_splitline.svg,1,20,0,20" size="1,70" pos="983,6" style="s_toolsBar_key"/>
      <Key function="hide" name="toolsbarhide" style="s_toolsBar_key" enablemove="true" pos="984,0" size="94,76" fgpos="25,17" fgimg="btn_hide_keyboard.svg" fg_pushedimage="btn_hide_keyboard_pushed.svg"/>
    </Layout>  
    <Layout name="CandidateWnd" pos="1,0" size="1078,76" bkimage="candidate_bg.svg" self_adjust_flag="true" self_adjust_size="2,0"> 
      <List name="Candidates" pos="0,0" size="976,75" bkimage="trans.svg" font="2" maxwidth="950" pushedimage="key_qwerty_pushed.svg,10,10,10,10" selecttextcolor="0xFFFF642B" direct="horizon" cell_size="80,76" text_rect_offset="0,0,0,0" cellpadding="0,0,30,0" item_fgsize="15,15" item_widthAutoFit="true" item_correctimg="correctmark.svg" item_correctselectimg="correctmarkh.svg" item_cloudimg="cloud_correct.svg" item_cloudselectimg="cloud_correct_h.svg" item_heightAutoFit="false" item_minwidth="20" enableselected="true" item_textfont="2" item_textcolor="0xFF616161" item_hotcolor="0xFF616161" item_pushedcolor="0xFF616161" min_textfontsize="20" max_textfontsize="40" sep_size="0,0" sep_color="0x00000000" support_move="true" item_bkcolor="0xFF24364A" item_normalimage="file='candidate_bg.svg'" item_hotimage="candidate_bg.svg" item_pushedimage="candidate_bg.svg'" item_checkedhotimage="candidate_bg.svg"/>
      <Key name="candidatesplite" bkimage="toolsbar_splitline.svg,1,20,0,20" size="1,70" pos="983,4" style="s_toolsBar_key"/>
      <Key function="direct_switch" permission="allow" name="MoreCandidates" style="s_toolsBar_key" size="94,76" pos="984,0" disabledimage="candidate_bg.svg" fgpos="25,17" fgimg="btn_morecand.svg" fg_pushedimage="btn_morecand.svg" fg_disabledimage="btn_morecand_disabled.svg" target_keyboard_layout="keyboard_moreCand"/>
      <Key name="closeAssociate" style="s_toolsBar_key" bkimg="trans.svg" size="94,76" pos="986,0" fgpos="25,17" fgimg="btn_close_association.svg" fgsize="37,37" fg_pushedimage="btn_close_association.svg"/>
    </Layout> 
  </Tab>  
  <!-- Keyboard layout -->  
  <Tab name="Keyboards" default="Keyboard_py26" size="1080, 388" pos="0,0" new_switch_logic_enabled="true" temporary_persistence_enabled_list="Keyboard_en26_UP,Keyboard_number,Keyboard_number_en" persistence_enabled_list="Keyboard_py26,Keyboard_py9,Keyboard_bihua,Keyboard_wubi,Keyboard_en26,Keyboard_handInput_Half,Keyboard_handInput_Full" chinese_list="Keyboard_py26,Keyboard_py9,Keyboard_bihua,Keyboard_wubi" english_list="Keyboard_en26,Keyboard_en26_temp_UP,Keyboard_en26_UP" handwriting_list="Keyboard_handInput_Half,Keyboard_handInput_Full" tool_bar_list="Keyboard_setting,Keyboard_switch,Keyboard_voice"> 
    <!-- Pinyin26 keyboard -->  
    <Layout name="Keyboard_py26" size="1080,388" pos="0,80" equivalent_list_name="chinese_list"> 
      <!-- First keyboard line -->  
      <Layout name="py26line1" pos="0,0" size="1080,76"> 
        <Key name="py26q" text="Q" unicode_ascii="q" pos="9,0" text2="1" text2_font="9" text2_rect="72,2,20,24" text2_color="0xFFA9A9A9" longpress="true" longpress_text="1,Q,q" longpress_sel_index="0"/>  
        <Key name="py26w" text="W" unicode_ascii="w" pos="115,0" text2="2" text2_font="9" text2_rect="72,2,20,24" text2_color="0xFFA9A9A9" longpress="true" longpress_text="W,2,w" longpress_sel_index="1"/>  
        <Key name="py26e" text="E" unicode_ascii="e" pos="221,0" text2="3" text2_font="9" text2_rect="72,2,20,24" text2_color="0xFFA9A9A9" longpress="true" longpress_text="E,3,e" longpress_sel_index="1"/>  
        <Key name="py26r" text="R" unicode_ascii="r" pos="327,0" text2="4" text2_font="9" text2_rect="72,2,20,24" text2_color="0xFFA9A9A9" longpress="true" longpress_text="R,4,r" longpress_sel_index="1"/>  
        <Key name="py26t" text="T" unicode_ascii="t" pos="433,0" text2="5" text2_font="9" text2_rect="72,2,20,24" text2_color="0xFFA9A9A9" longpress="true" longpress_text="T,5,t" longpress_sel_index="1"/>  
        <Key name="py26y" text="Y" unicode_ascii="y" pos="539,0" text2="6" text2_font="9" text2_rect="72,2,20,24" text2_color="0xFFA9A9A9" longpress="true" longpress_text="Y,6,y" longpress_sel_index="1"/>  
        <Key name="py26u" text="U" unicode_ascii="u" pos="645,0" text2="7" text2_font="9" text2_rect="72,2,20,24" text2_color="0xFFA9A9A9" longpress="true" longpress_text="U,7,u" longpress_sel_index="1"/>  
        <Key name="py26i" text="I" unicode_ascii="i" pos="751,0" text2="8" text2_font="9" text2_rect="72,2,20,24" text2_color="0xFFA9A9A9" longpress="true" longpress_text="I,8,i" longpress_sel_index="1"/>  
        <Key name="py26o" text="O" unicode_ascii="o" pos="857,0" text2="9" text2_font="9" text2_rect="72,2,20,24" text2_color="0xFFA9A9A9" longpress="true" longpress_text="O,9,o" longpress_sel_index="1"/>  
        <Key name="py26p" text="P" unicode_ascii="p" pos="963,0" text2="0" text2_font="9" text2_rect="72,2,20,24" text2_color="0xFFA9A9A9" longpress="true" longpress_text="p,P,0" longpress_sel_index="2"/> 
      </Layout>  
      <!-- Second keyboard line -->  
      <Layout name="py26line2" pos="0,76" size="1080,76"> 
        <Key name="py26a" text="A" unicode_ascii="a" pos="64,0" text2="~" text2_font="9" text2_rect="72,2,20,24" text2_color="0xFFA9A9A9" longpress="true" longpress_text="~,A,a" longpress_sel_index="0"/>  
        <Key name="py26s" text="S" unicode_ascii="s" pos="170,0" text2="！" text2_font="9" text2_rect="72,2,20,24" text2_color="0xFFA9A9A9" longpress="true" longpress_text="S,！,s" longpress_sel_index="1"/>  
        <Key name="py26d" text="D" unicode_ascii="d" pos="276,0" text2="@" text2_font="9" text2_rect="72,2,20,24" text2_color="0xFFA9A9A9" longpress="true" longpress_text="D,@,d" longpress_sel_index="1"/>  
        <Key name="py26f" text="F" unicode_ascii="f" pos="382,0" text2="#" text2_font="9" text2_rect="72,2,20,24" text2_color="0xFFA9A9A9" longpress="true" longpress_text="F,#,f" longpress_sel_index="1"/>  
        <Key name="py26g" text="G" unicode_ascii="g" pos="488,0" text2="%" text2_font="9" text2_rect="72,2,20,24" text2_color="0xFFA9A9A9" longpress="true" longpress_text="G,%,g" longpress_sel_index="1"/>  
        <Key name="py26h" text="H" unicode_ascii="h" pos="594,0" text2="“" text2_font="9" text2_rect="68,6,20,24" text2_color="0xFFA9A9A9" longpress="true" longpress_text="H,“,h" longpress_sel_index="1"/>  
        <Key name="py26j" text="J" unicode_ascii="j" pos="700,0" text2="”" text2_font="9" text2_rect="72,6,28,24" text2_color="0xFFA9A9A9" longpress="true" longpress_text="J,”,j" longpress_sel_index="1"/>  
        <Key name="py26k" text="K" unicode_ascii="k" pos="806,0" text2="*" text2_font="9" text2_rect="72,6,20,24" text2_color="0xFFA9A9A9" longpress="true" longpress_text="K,*,k" longpress_sel_index="1"/>  
        <Key name="py26l" text="L" unicode_ascii="l" pos="912,0" text2="？" text2_font="9" text2_rect="72,2,20,24" text2_color="0xFFA9A9A9" longpress="true" longpress_text="l,L,？" longpress_sel_index="2"/> 
      </Layout>  
      <!-- Third keyboard line -->  
      <Layout name="py26line3" pos="0,152" size="1080,76"> 
        <Key text="分词" name="py26fenci" unicode_ascii="'" size="155,73" pos="9,0" style="s_function_key"/>  
        <Key name="py26z" text="Z" unicode_ascii="z" pos="170,0" text2="（" text2_font="9" text2_rect="68,6,22,24" text2_color="0xFFA9A9A9" longpress="true" longpress_text="Z,（,z" longpress_sel_index="1"/>  
        <Key name="py26x" text="X" unicode_ascii="x" pos="276,0" text2="）" text2_font="9" text2_rect="78,6,22,24" text2_color="0xFFA9A9A9" longpress="true" longpress_text="X,）,x" longpress_sel_index="1"/>  
        <Key name="py26c" text="C" unicode_ascii="c" pos="382,0" text2="-" text2_font="9" text2_rect="72,2,20,24" text2_color="0xFFA9A9A9" longpress="true" longpress_text="C,-,c" longpress_sel_index="1"/>  
        <Key name="py26v" text="V" unicode_ascii="v" pos="488,0" text2="_" text2_font="9" text2_rect="72,1,18,25" text2_color="0xFFA9A9A9" longpress="true" longpress_text="V,_,v" longpress_sel_index="1"/>  
        <Key name="py26b" text="B" unicode_ascii="b" pos="594,0" text2="：" text2_font="9" text2_rect="72,2,20,24" text2_color="0xFFA9A9A9" longpress="true" longpress_text="B,：,b" longpress_sel_index="1"/>  
        <Key name="py26n" text="N" unicode_ascii="n" pos="700,0" text2="；" text2_font="9" text2_rect="72,2,20,24" text2_color="0xFFA9A9A9" longpress="true" longpress_text="N,；,n" longpress_sel_index="1"/>  
        <Key name="py26m" text="M" unicode_ascii="m" pos="806,0" text2="/" text2_font="9" text2_rect="72,2,20,24" text2_color="0xFFA9A9A9" longpress="true" longpress_text="M,/,m" longpress_sel_index="1"/>  
        <Key function="delete_switch" permission="allow" name="py26delete" style="s_function_key" size="155,73" fgimg="btn_function_backspace.svg" fg_pushedimage="btn_function_backspace_pushed.svg" fgsize="43,30" pos="912,0" longpress="true" target_keyboard_layout="Keyboard_py26"/>
      </Layout>  
      <!-- Fourth keyboard line -->  
      <Layout name="py26line4" pos="0,228" size="1080,76"> 
        <Key function="direct_switch" permission="allow" text="符" name="py26symbol" style="s_function_key" size="155,73" pos="9,0" target_keyboard_layout="Keyboard_symbol"/>  
        <Key function="direct_switch" permission="commitUserCandAllowAssociate" text="123" name="py26number" style="s_function_key" size="150,73" pos="170,0" target_keyboard_layout="Keyboard_number"/>  
        <Key name="py26douhao" direct_output="true" text="，" output="，" unicode="0x1FF0C" pos="326,0" text_rect_offset="25,-25,0,0"/>  
        <Key function="space" name="py26space" style="s_function_space_key" pos="433,0" longpress="true"/>
        <Key name="py26juhao" direct_output="true" text="。" output="。" unicode="0x13002" pos="647,0" text_rect_offset="25,-25,0,0"/>  
        <Key function="smart_switch" permission="convert" name="py26chen" style="s_function_key" size="150,73" pos="754,0" fgimg="btn_function_input_cn.svg" fg_pushedimage="btn_function_input_cn.svg" fgpos="48,12" fgsize="53,53" target_keyboard_layout="Keyboard_en26" />
        <Key function="enter" name="py26enter" style="s_function_enter_key" pos="912,0" enter_pys="1"/>
      </Layout> 
    </Layout>  
    <!-- English26 keyboard -->  
    <Layout name="Keyboard_en26" size="1080,388" pos="0,80" keyboard_case="lowercase" equivalent_list_name="english_list"> 
      <!-- First keyboard line -->  
      <Layout name="en26line1" pos="0,0" size="1080, 76"> 
        <Key name="en26q" text="q" unicode_ascii="q" pos="9,0" text2="1" text2_font="9" text2_rect="72,2,20,24" text2_color="0xFFA9A9A9" longpress="true" longpress_text="1,Q,q" longpress_sel_index="0"/>  
        <Key name="en26w" text="w" unicode_ascii="w" pos="115,0" text2="2" text2_font="9" text2_rect="72,2,20,24" text2_color="0xFFA9A9A9" longpress="true" longpress_text="W,2,w" longpress_sel_index="1"/>  
        <Key name="en26e" text="e" unicode_ascii="e" pos="221,0" text2="3" text2_font="9" text2_rect="72,2,20,24" text2_color="0xFFA9A9A9" longpress="true" longpress_text="E,3,e" longpress_sel_index="1"/>  
        <Key name="en26r" text="r" unicode_ascii="r" pos="327,0" text2="4" text2_font="9" text2_rect="72,2,20,24" text2_color="0xFFA9A9A9" longpress="true" longpress_text="R,4,r" longpress_sel_index="1"/>  
        <Key name="en26t" text="t" unicode_ascii="t" pos="433,0" text2="5" text2_font="9" text2_rect="72,2,20,24" text2_color="0xFFA9A9A9" longpress="true" longpress_text="T,5,t" longpress_sel_index="1"/>  
        <Key name="en26y" text="y" unicode_ascii="y" pos="539,0" text2="6" text2_font="9" text2_rect="72,2,20,24" text2_color="0xFFA9A9A9" longpress="true" longpress_text="Y,6,y" longpress_sel_index="1"/>  
        <Key name="en26u" text="u" unicode_ascii="u" pos="645,0" text2="7" text2_font="9" text2_rect="72,2,20,24" text2_color="0xFFA9A9A9" longpress="true" longpress_text="U,7,u" longpress_sel_index="1"/>  
        <Key name="en26i" text="i" unicode_ascii="i" pos="751,0" text2="8" text2_font="9" text2_rect="72,2,20,24" text2_color="0xFFA9A9A9" longpress="true" longpress_text="I,8,i" longpress_sel_index="1"/>  
        <Key name="en26o" text="o" unicode_ascii="o" pos="857,0" text2="9" text2_font="9" text2_rect="72,2,20,24" text2_color="0xFFA9A9A9" longpress="true" longpress_text="O,9,o" longpress_sel_index="1"/>  
        <Key name="en26p" text="p" unicode_ascii="p" pos="963,0" text2="0" text2_font="9" text2_rect="72,2,20,24" text2_color="0xFFA9A9A9" longpress="true" longpress_text="p,P,0" longpress_sel_index="2"/> 
      </Layout>  
      <!-- Second keyboard line -->  
      <Layout name="en26line2" pos="0,76" size="1080,76"> 
        <Key name="en26a" text="a" unicode_ascii="a" pos="64,0" text2="~" text2_font="9" text2_rect="72,2,20,24" text2_color="0xFFA9A9A9" longpress="true" longpress_text="~,A,a" longpress_sel_index="0"/>  
        <Key name="en26s" text="s" unicode_ascii="s" pos="170,0" text2="!" text2_font="9" text2_rect="72,2,20,24" text2_color="0xFFA9A9A9" longpress="true" longpress_text="S,!,s" longpress_sel_index="1"/>  
        <Key name="en26d" text="d" unicode_ascii="d" pos="276,0" text2="@" text2_font="9" text2_rect="72,2,20,24" text2_color="0xFFA9A9A9" longpress="true" longpress_text="D,@,d" longpress_sel_index="1"/>  
        <Key name="en26f" text="f" unicode_ascii="f" pos="382,0" text2="#" text2_font="9" text2_rect="72,2,20,24" text2_color="0xFFA9A9A9" longpress="true" longpress_text="F,#,f" longpress_sel_index="1"/>  
        <Key name="en26g" text="g" unicode_ascii="g" pos="488,0" text2="%" text2_font="9" text2_rect="72,2,20,24" text2_color="0xFFA9A9A9" longpress="true" longpress_text="G,%,g" longpress_sel_index="1"/>  
        <Key name="en26h" text="h" unicode_ascii="h" pos="594,0" text2="'" text2_font="9" text2_rect="72,2,20,24" text2_color="0xFFA9A9A9" longpress="true" longpress_text="H,',h" longpress_sel_index="1"/>  
        <Key name="en26j" text="j" unicode_ascii="j" pos="700,0" text2="&amp;" text2_font="9" text2_rect="72,2,20,24" text2_color="0xFFA9A9A9" longpress="true" longpress_text="J,&amp;,j" longpress_sel_index="1"/>  
        <Key name="en26k" text="k" unicode_ascii="k" pos="806,0" text2="*" text2_font="9" text2_rect="72,2,20,24" text2_color="0xFFA9A9A9" longpress="true" longpress_text="K,*,k" longpress_sel_index="1"/>  
        <Key name="en26l" text="l" unicode_ascii="l" pos="912,0" text2="?" text2_font="9" text2_rect="72,2,20,24" text2_color="0xFFA9A9A9" longpress="true" longpress_text="l,L,?" longpress_sel_index="2"/> 
      </Layout>  
      <!-- Third keyboard line -->  
      <Layout name="en26line3" pos="0,152" size="1080,76"> 
        <Key function="replace_switch" permission="convert" name="en26shift" style="s_function_key" size="155,73" fgimg="btn_function_shift.svg" fg_pushedimage="btn_function_shift_pushed.svg" fgsize="36,36" pos="9,0" target_keyboard_layout="Keyboard_en26_temp_UP" />
        <Key name="en26z" text="z" unicode_ascii="z" pos="170,0" text2="(" text2_font="9" text2_rect="72,2,20,24" text2_color="0xFFA9A9A9" longpress="true" longpress_text="Z,(,z" longpress_sel_index="1"/>  
        <Key name="en26x" text="x" unicode_ascii="x" pos="276,0" text2=")" text2_font="9" text2_rect="72,2,20,24" text2_color="0xFFA9A9A9" longpress="true" longpress_text="X,),x" longpress_sel_index="1"/>  
        <Key name="en26c" text="c" unicode_ascii="c" pos="382,0" text2="-" text2_font="9" text2_rect="72,2,20,24" text2_color="0xFFA9A9A9" longpress="true" longpress_text="C,-,c" longpress_sel_index="1"/>  
        <Key name="en26v" text="v" unicode_ascii="v" pos="488,0" text2="_" text2_font="9" text2_rect="70,1,18,25" text2_color="0xFFA9A9A9" longpress="true" longpress_text="V,_,v" longpress_sel_index="1"/>  
        <Key name="en26b" text="b" unicode_ascii="b" pos="594,0" text2=":" text2_font="9" text2_rect="72,2,20,24" text2_color="0xFFA9A9A9" longpress="true" longpress_text="B,:,b" longpress_sel_index="1"/>  
        <Key name="en26n" text="n" unicode_ascii="n" pos="700,0" text2=";" text2_font="9" text2_rect="72,2,20,24" text2_color="0xFFA9A9A9" longpress="true" longpress_text="N,;,n" longpress_sel_index="1"/>  
        <Key name="en26m" text="m" unicode_ascii="m" pos="806,0" text2="/" text2_font="9" text2_rect="72,2,20,24" text2_color="0xFFA9A9A9" longpress="true" longpress_text="M,/,m" longpress_sel_index="1"/>  
        <Key function="delete_switch" permission="allow" name="en26delete" style="s_function_key" size="155,73" fgimg="btn_function_backspace.svg" fg_pushedimage="btn_function_backspace_pushed.svg" fgsize="43,30" pos="912,0" longpress="true" target_keyboard_layout="Keyboard_en26"/>
      </Layout>  
      <!-- Fourth keyboard line -->  
      <Layout name="en26line4" pos="0,228" size="1080,76"> 
        <Key function="direct_switch" permission="allow" text="!?#" name="en26symbol" style="s_function_key" size="103,73" pos="9,0" target_keyboard_layout="Keyboard_en26_Symbol"/>  
        <Key function="direct_switch" permission="allow" text="123" name="en26number" style="s_function_key" size="101,73" pos="118,0" target_keyboard_layout="Keyboard_number_en"/>  
        <Key function="dictionary" name="dictionary" style="s_function_key" fgimg="btn_english_predict.svg" fg_pushedimage="btn_english_predict_pushed.svg" fgsize="33,36" size="101,73" pos="225,0" toggle="0" toggle_fgimg="btn_english_predict_toggle.svg" toggle_fg_pushedimage="btn_english_predict_toggle_pushed.svg"/>
        <Key direct_output="true" text="," name="en26douhao" output="," unicode="0x002C" pos="331,0" size="101,73" text_rect_offset="5,-25,0,0"/>  
        <Key function="space" name="en26space" style="s_function_space_key" pos="438,0" longpress="true"/>
        <Key direct_output="true" text="." name="en26juhao" output="." unicode="0x002E" pos="652,0" size="101,73" text_rect_offset="5,-25,0,0"/>  
        <Key function="smart_switch" permission="commitComp" name="en26chen" style="s_function_key" size="147,73" pos="759,0" fgimg="btn_function_input_en.svg" fg_pushedimage="btn_function_input_en.svg" fgpos="48,9" fgsize="53,53" target_keyboard_layout="Keyboard_py26" />
        <Key function="enter" name="en26enter" style="s_function_enter_key" pos="912,0" enter_pys="1"/>
      </Layout> 
    </Layout>  
    <!-- English26 temporary uppercase keyboard -->  
    <Layout name="Keyboard_en26_temp_UP" size="1080, 388" pos="0,80" keyboard_case="temp_uppercase" persistence_name="Keyboard_en26" equivalent_list_name="english_list"> 
      <!-- First keyboard line -->  
      <Layout name="en26Tline1" pos="0,0" size="1080,76"> 
        <Key name="en26Tq" text="Q" unicode_ascii="Q" pos="9,0" text2="1" text2_font="9" text2_rect="72,2,20,24" text2_color="0xFFA9A9A9" longpress="true" longpress_text="1,Q,q" longpress_sel_index="0"/>  
        <Key name="en26Tw" text="W" unicode_ascii="W" pos="115,0" text2="2" text2_font="9" text2_rect="72,2,20,24" text2_color="0xFFA9A9A9" longpress="true" longpress_text="W,2,w" longpress_sel_index="1"/>  
        <Key name="en26Te" text="E" unicode_ascii="E" pos="221,0" text2="3" text2_font="9" text2_rect="72,2,20,24" text2_color="0xFFA9A9A9" longpress="true" longpress_text="E,3,e" longpress_sel_index="1"/>  
        <Key name="en26Tr" text="R" unicode_ascii="R" pos="327,0" text2="4" text2_font="9" text2_rect="72,2,20,24" text2_color="0xFFA9A9A9" longpress="true" longpress_text="R,4,r" longpress_sel_index="1"/>  
        <Key name="en26Tt" text="T" unicode_ascii="T" pos="433,0" text2="5" text2_font="9" text2_rect="72,2,20,24" text2_color="0xFFA9A9A9" longpress="true" longpress_text="T,5,t" longpress_sel_index="1"/>  
        <Key name="en26Ty" text="Y" unicode_ascii="Y" pos="539,0" text2="6" text2_font="9" text2_rect="72,2,20,24" text2_color="0xFFA9A9A9" longpress="true" longpress_text="Y,6,y" longpress_sel_index="1"/>  
        <Key name="en26Tu" text="U" unicode_ascii="U" pos="645,0" text2="7" text2_font="9" text2_rect="72,2,20,24" text2_color="0xFFA9A9A9" longpress="true" longpress_text="U,7,u" longpress_sel_index="1"/>  
        <Key name="en26Ti" text="I" unicode_ascii="I" pos="751,0" text2="8" text2_font="9" text2_rect="72,2,20,24" text2_color="0xFFA9A9A9" longpress="true" longpress_text="I,8,i" longpress_sel_index="1"/>  
        <Key name="en26To" text="O" unicode_ascii="O" pos="857,0" text2="9" text2_font="9" text2_rect="72,2,20,24" text2_color="0xFFA9A9A9" longpress="true" longpress_text="O,9,o" longpress_sel_index="1"/>  
        <Key name="en26Tp" text="P" unicode_ascii="P" pos="963,0" text2="0" text2_font="9" text2_rect="72,2,20,24" text2_color="0xFFA9A9A9" longpress="true" longpress_text="p,P,0" longpress_sel_index="2"/> 
      </Layout>  
      <!-- Second keyboard line -->  
      <Layout name="en26Tline2" pos="0,76" size="1080,76"> 
        <Key name="en26Ta" text="A" unicode_ascii="A" pos="64,0" text2="~" text2_font="9" text2_rect="72,2,20,24" text2_color="0xFFA9A9A9" longpress="true" longpress_text="~,A,a" longpress_sel_index="0"/>  
        <Key name="en26Ts" text="S" unicode_ascii="S" pos="170,0" text2="!" text2_font="9" text2_rect="72,2,20,24" text2_color="0xFFA9A9A9" longpress="true" longpress_text="S,!,s" longpress_sel_index="1"/>  
        <Key name="en26Td" text="D" unicode_ascii="D" pos="276,0" text2="@" text2_font="9" text2_rect="72,2,20,24" text2_color="0xFFA9A9A9" longpress="true" longpress_text="D,@,d" longpress_sel_index="1"/>  
        <Key name="en26Tf" text="F" unicode_ascii="F" pos="382,0" text2="#" text2_font="9" text2_rect="72,2,20,24" text2_color="0xFFA9A9A9" longpress="true" longpress_text="F,#,f" longpress_sel_index="1"/>  
        <Key name="en26Tg" text="G" unicode_ascii="G" pos="488,0" text2="%" text2_font="9" text2_rect="72,2,20,24" text2_color="0xFFA9A9A9" longpress="true" longpress_text="G,%,g" longpress_sel_index="1"/>  
        <Key name="en26Th" text="H" unicode_ascii="H" pos="594,0" text2="'" text2_font="9" text2_rect="72,2,20,24" text2_color="0xFFA9A9A9" longpress="true" longpress_text="H,',h" longpress_sel_index="1"/>  
        <Key name="en26Tj" text="J" unicode_ascii="J" pos="700,0" text2="&amp;" text2_font="9" text2_rect="72,2,20,24" text2_color="0xFFA9A9A9" longpress="true" longpress_text="J,&amp;,j" longpress_sel_index="1"/>  
        <Key name="en26Tk" text="K" unicode_ascii="K" pos="806,0" text2="*" text2_font="9" text2_rect="72,2,20,24" text2_color="0xFFA9A9A9" longpress="true" longpress_text="K,*,k" longpress_sel_index="1"/>  
        <Key name="en26Tl" text="L" unicode_ascii="L" pos="912,0" text2="?" text2_font="9" text2_rect="72,2,20,24" text2_color="0xFFA9A9A9" longpress="true" longpress_text="l,L,?" longpress_sel_index="2"/> 
      </Layout>  
      <!-- Third keyboard line -->  
      <Layout name="en26Tline3" pos="0,152" size="1080,76"> 
        <Key function="replace_switch" target_keyboard_layout="Keyboard_en26_UP" permission="convert" name="en26Tshift" style="s_function_key" size="155,73" fgimg="btn_function_shift_temp_up.svg" fg_pushedimage="btn_function_shift_temp_up_pushed.svg" fgsize="36,36" pos="9,0"/>
        <Key name="en26Tz" text="Z" unicode_ascii="Z" pos="170,0" text2="(" text2_font="9" text2_rect="72,2,20,24" text2_color="0xFFA9A9A9" longpress="true" longpress_text="Z,(,z" longpress_sel_index="1"/>  
        <Key name="en26Tx" text="X" unicode_ascii="X" pos="276,0" text2=")" text2_font="9" text2_rect="72,2,20,24" text2_color="0xFFA9A9A9" longpress="true" longpress_text="X,),x" longpress_sel_index="1"/>  
        <Key name="en26Tc" text="C" unicode_ascii="C" pos="382,0" text2="-" text2_font="9" text2_rect="72,2,20,24" text2_color="0xFFA9A9A9" longpress="true" longpress_text="C,-,c" longpress_sel_index="1"/>  
        <Key name="en26Tv" text="V" unicode_ascii="V" pos="488,0" text2="_" text2_font="9" text2_rect="70,1,18,25" text2_color="0xFFA9A9A9" longpress="true" longpress_text="V,_,v" longpress_sel_index="1"/>  
        <Key name="en26Tb" text="B" unicode_ascii="B" pos="594,0" text2=":" text2_font="9" text2_rect="72,2,20,24" text2_color="0xFFA9A9A9" longpress="true" longpress_text="B,:,b" longpress_sel_index="1"/>  
        <Key name="en26Tn" text="N" unicode_ascii="N" pos="700,0" text2=";" text2_font="9" text2_rect="72,2,20,24" text2_color="0xFFA9A9A9" longpress="true" longpress_text="N,;,n" longpress_sel_index="1"/>  
        <Key name="en26Tm" text="M" unicode_ascii="M" pos="806,0" text2="/" text2_font="9" text2_rect="72,2,20,24" text2_color="0xFFA9A9A9" longpress="true" longpress_text="M,/,m" longpress_sel_index="1"/>  
        <Key function="delete_switch" permission="allow" name="en26Tdelete" size="155,73" fgimg="btn_function_backspace.svg" fg_pushedimage="btn_function_backspace_pushed.svg" fgsize="43,30" pos="912,0" longpress="true" style="s_function_key" target_keyboard_layout="Keyboard_en26_temp_UP"/>
      </Layout>  
      <!-- Fourth keyboard line -->  
      <Layout name="en26Tline4" pos="0,228" size="1080,76"> 
        <Key function="direct_switch" permission="allow" text="!?#" name="en26Tsymbol" style="s_function_key" size="103,73" pos="9,0" target_keyboard_layout="Keyboard_en26_Symbol"/>  
        <Key function="direct_switch" permission="allow" text="123" name="en26Tnumber" style="s_function_key" size="101,73" pos="118,0" target_keyboard_layout="Keyboard_number_en"/>  
        <Key function="dictionary" name="dictionary_temp" style="s_function_key" fgimg="btn_english_predict.svg" fg_pushedimage="btn_english_predict_pushed.svg" fgsize="33,36" size="101,73" pos="225,0" toggle="0" toggle_fgimg="btn_english_predict_toggle.svg" toggle_fg_pushedimage="btn_english_predict_toggle_pushed.svg"/>
        <Key direct_output="true" text="," name="en26Tdouhao" output="," unicode="0x002C" pos="331,0" size="101,73" text_rect_offset="5,-25,0,0"/>  
        <Key function="space" name="en26Tspace" style="s_function_space_key" pos="438,0"/>
        <Key direct_output="true" text="." name="en26Tjuhao" output="." unicode="0x002E" pos="652,0" size="101,73" text_rect_offset="5,-25,0,0"/>  
        <Key function="smart_switch" permission="commitComp" name="en26Tchen" style="s_function_key" size="147,73" pos="759,0" fgimg="btn_function_input_en.svg" fg_pushedimage="btn_function_input_en.svg" fgpos="48,9" fgsize="53,53" target_keyboard_layout="Keyboard_py26" />
        <Key function="enter" name="en26Tenter" style="s_function_enter_key" pos="912,0" enter_pys="1"/>
      </Layout> 
    </Layout>  
    <!-- English26 uppercase keyboard -->  
    <Layout name="Keyboard_en26_UP" size="1080, 388" pos="0,80" keyboard_case="uppercase" persistence_name="Keyboard_en26" equivalent_list_name="english_list"> 
      <!-- First keyboard line -->  
      <Layout name="en26Uline1" pos="0,0" size="1080,76"> 
        <Key name="en26Uq" text="Q" unicode_ascii="Q" pos="9,0" text2="1" text2_font="9" text2_rect="72,2,20,24" text2_color="0xFFA9A9A9" longpress="true" longpress_text="1,Q,q" longpress_sel_index="0"/>  
        <Key name="en26Uw" text="W" unicode_ascii="W" pos="115,0" text2="2" text2_font="9" text2_rect="72,2,20,24" text2_color="0xFFA9A9A9" longpress="true" longpress_text="W,2,w" longpress_sel_index="1"/>  
        <Key name="en26Ue" text="E" unicode_ascii="E" pos="221,0" text2="3" text2_font="9" text2_rect="72,2,20,24" text2_color="0xFFA9A9A9" longpress="true" longpress_text="E,3,e" longpress_sel_index="1"/>  
        <Key name="en26Ur" text="R" unicode_ascii="R" pos="327,0" text2="4" text2_font="9" text2_rect="72,2,20,24" text2_color="0xFFA9A9A9" longpress="true" longpress_text="R,4,r" longpress_sel_index="1"/>  
        <Key name="en26Ut" text="T" unicode_ascii="T" pos="433,0" text2="5" text2_font="9" text2_rect="72,2,20,24" text2_color="0xFFA9A9A9" longpress="true" longpress_text="T,5,t" longpress_sel_index="1"/>  
        <Key name="en26Uy" text="Y" unicode_ascii="Y" pos="539,0" text2="6" text2_font="9" text2_rect="72,2,20,24" text2_color="0xFFA9A9A9" longpress="true" longpress_text="Y,6,y" longpress_sel_index="1"/>  
        <Key name="en26Uu" text="U" unicode_ascii="U" pos="645,0" text2="7" text2_font="9" text2_rect="72,2,20,24" text2_color="0xFFA9A9A9" longpress="true" longpress_text="U,7,u" longpress_sel_index="1"/>  
        <Key name="en26Ui" text="I" unicode_ascii="I" pos="751,0" text2="8" text2_font="9" text2_rect="72,2,20,24" text2_color="0xFFA9A9A9" longpress="true" longpress_text="I,8,i" longpress_sel_index="1"/>  
        <Key name="en26Uo" text="O" unicode_ascii="O" pos="857,0" text2="9" text2_font="9" text2_rect="72,2,20,24" text2_color="0xFFA9A9A9" longpress="true" longpress_text="O,9,o" longpress_sel_index="1"/>  
        <Key name="en26Up" text="P" unicode_ascii="P" pos="963,0" text2="0" text2_font="9" text2_rect="72,2,20,24" text2_color="0xFFA9A9A9" longpress="true" longpress_text="p,P,0" longpress_sel_index="2"/> 
      </Layout>  
      <!-- Second keyboard line -->  
      <Layout name="en26Uline2" pos="0,76" size="1080,76"> 
        <Key name="en26Ua" text="A" unicode_ascii="A" pos="64,0" text2="~" text2_font="9" text2_rect="72,2,20,24" text2_color="0xFFA9A9A9" longpress="true" longpress_text="~,A,a" longpress_sel_index="0"/>  
        <Key name="en26Us" text="S" unicode_ascii="S" pos="170,0" text2="!" text2_font="9" text2_rect="72,2,20,24" text2_color="0xFFA9A9A9" longpress="true" longpress_text="S,!,s" longpress_sel_index="1"/>  
        <Key name="en26Ud" text="D" unicode_ascii="D" pos="276,0" text2="@" text2_font="9" text2_rect="72,2,20,24" text2_color="0xFFA9A9A9" longpress="true" longpress_text="D,@,d" longpress_sel_index="1"/>  
        <Key name="en26Uf" text="F" unicode_ascii="F" pos="382,0" text2="#" text2_font="9" text2_rect="72,2,20,24" text2_color="0xFFA9A9A9" longpress="true" longpress_text="F,#,f" longpress_sel_index="1"/>  
        <Key name="en26Ug" text="G" unicode_ascii="G" pos="488,0" text2="%" text2_font="9" text2_rect="72,2,20,24" text2_color="0xFFA9A9A9" longpress="true" longpress_text="G,%,g" longpress_sel_index="1"/>  
        <Key name="en26Uh" text="H" unicode_ascii="H" pos="594,0" text2="'" text2_font="9" text2_rect="72,2,20,24" text2_color="0xFFA9A9A9" longpress="true" longpress_text="H,',h" longpress_sel_index="1"/>  
        <Key name="en26Uj" text="J" unicode_ascii="J" pos="700,0" text2="&amp;" text2_font="9" text2_rect="72,2,20,24" text2_color="0xFFA9A9A9" longpress="true" longpress_text="J,&amp;,j" longpress_sel_index="1"/>  
        <Key name="en26Uk" text="K" unicode_ascii="K" pos="806,0" text2="*" text2_font="9" text2_rect="72,2,20,24" text2_color="0xFFA9A9A9" longpress="true" longpress_text="K,*,k" longpress_sel_index="1"/>  
        <Key name="en26Ul" text="L" unicode_ascii="L" pos="912,0" text2="?" text2_font="9" text2_rect="72,2,20,24" text2_color="0xFFA9A9A9" longpress="true" longpress_text="l,L,?" longpress_sel_index="2"/> 
      </Layout>  
      <!-- Third keyboard line -->  
      <Layout name="en26Uline3" pos="0,152" size="1080,76"> 
        <Key function="replace_switch" permission="convert" name="en26Ushift" style="s_function_key" size="155,73" fgimg="btn_function_shift_up.svg" fg_pushedimage="btn_function_shift_up_pushed.svg" fgsize="36,36" pos="9,0" target_keyboard_layout="Keyboard_en26"/>
        <Key name="en26Uz" text="Z" unicode_ascii="Z" pos="170,0" text2="(" text2_font="9" text2_rect="72,2,20,24" text2_color="0xFFA9A9A9" longpress="true" longpress_text="Z,(,z" longpress_sel_index="1"/>  
        <Key name="en26Ux" text="X" unicode_ascii="X" pos="276,0" text2=")" text2_font="9" text2_rect="72,2,20,24" text2_color="0xFFA9A9A9" longpress="true" longpress_text="X,),x" longpress_sel_index="1"/>  
        <Key name="en26Uc" text="C" unicode_ascii="C" pos="382,0" text2="-" text2_font="9" text2_rect="72,2,20,24" text2_color="0xFFA9A9A9" longpress="true" longpress_text="C,-,c" longpress_sel_index="1"/>  
        <Key name="en26Uv" text="V" unicode_ascii="V" pos="488,0" text2="_" text2_font="9" text2_rect="70,1,18,25" text2_color="0xFFA9A9A9" longpress="true" longpress_text="V,_,v" longpress_sel_index="1"/>  
        <Key name="en26Ub" text="B" unicode_ascii="B" pos="594,0" text2=":" text2_font="9" text2_rect="72,2,20,24" text2_color="0xFFA9A9A9" longpress="true" longpress_text="B,:,b" longpress_sel_index="1"/>  
        <Key name="en26Un" text="N" unicode_ascii="N" pos="700,0" text2=";" text2_font="9" text2_rect="72,2,20,24" text2_color="0xFFA9A9A9" longpress="true" longpress_text="N,;,n" longpress_sel_index="1"/>  
        <Key name="en26Um" text="M" unicode_ascii="M" pos="806,0" text2="/" text2_font="9" text2_rect="72,2,20,24" text2_color="0xFFA9A9A9" longpress="true" longpress_text="M,/,m" longpress_sel_index="1"/>  
        <Key function="delete_switch" permission="allow" name="en26Udelete" size="155,73" fgimg="btn_function_backspace.svg" fg_pushedimage="btn_function_backspace_pushed.svg" fgsize="43,30" pos="912,0" longpress="true" style="s_function_key" target_keyboard_layout="Keyboard_en26_UP"/>
      </Layout>  
      <!-- Fourth keyboard line -->  
      <Layout name="en26Uline4" pos="0,228" size="1080,76"> 
        <Key function="direct_switch" permission="allow" text="!?#" name="en26Usymbol" style="s_function_key" size="103,73" pos="9,0" target_keyboard_layout="Keyboard_en26_Symbol"/>  
        <Key function="direct_switch" permission="allow" text="123" name="en26Unumber" style="s_function_key" size="101,73" pos="118,0" target_keyboard_layout="Keyboard_number_en"/>  
        <Key function="dictionary" name="dictionary_up" style="s_function_key" fgimg="btn_english_predict.svg" fg_pushedimage="btn_english_predict_pushed.svg" fgsize="33,36" size="101,73" pos="225,0" toggle="0" toggle_fgimg="btn_english_predict_toggle.svg" toggle_fg_pushedimage="btn_english_predict_toggle_pushed.svg"/>
        <Key direct_output="true" text="," name="en26Udouhao" output="," unicode="0x002C" pos="331,0" size="101,73" text_rect_offset="5,-25,0,0"/>  
        <Key function="space" name="en26Uspace" style="s_function_space_key" pos="438,0" longpress="true"/>
        <Key direct_output="true" text="." name="en26Ujuhao" output="." unicode="0x002E" pos="652,0" size="101,73" text_rect_offset="5,-25,0,0"/>  
        <Key function="smart_switch" permission="commitComp" name="en26Uchen" style="s_function_key" size="147,73" pos="759,0" fgimg="btn_function_input_en.svg" fg_pushedimage="btn_function_input_en.svg" fgpos="48,9" fgsize="53,53" target_keyboard_layout="Keyboard_py26" />
        <Key function="enter" name="en26Uenter" style="s_function_enter_key" pos="912,0" enter_pys="1"/>
      </Layout> 
    </Layout>  
    <!-- Pinyin9 keyboard -->  
    <Layout name="Keyboard_py9" size="1080,388" pos="0,80" equivalent_list_name="chinese_list"> 
      <!-- Symbol line -->  
      <Layout name="py9line0" pos="6,0" size="192,225"> 
        <List name="py9symbollist" size="192,225" pos="0,0" direct="vertical" cell_size="192,54" cellpadding="10,6,10,8" selecttextcolor="0xFF2B3547" bkimage="key_qwerty.svg,10,10,10,10" item_widthAutoFit="false" item_heightAutoFit="false" item_textfont="4" item_textcolor="0xFF2B3547" item_minwidth="20" enableselected="false" sep_size="1,170" sep_color="0xFFCCCCCC" support_move="true" item_bkcolor="0xFF24364A" item_normalimage="trans.svg,10,10,10,10" item_pushedimage="btn_no_shadow_pushed.svg,3,3,3,3" dataSource="PY9Symbols"/>
      </Layout>  
      <!-- First keyboard line -->  
      <Layout name="py9line1" pos="203,0" size="870,76"> 
        <Key name="py91" text="1" unicode_ascii="1" style="s_py9_key" size="213,73" pos="0,0" text_rect_offset="0,0,0,0" longpress="true" longpress_text="1" longpress_sel_index="0"/>  
        <Key name="py92" text="ABC" unicode_ascii="2" style="s_py9_key" size="213,73" pos="217,0" text2="2" text2_font="9" text2_rect="190,10,16,17" text2_color="0xFFA9A9A9" longpress="true" longpress_text="A,B,C,2,a,b,c" longpress_sel_index="3"/>  
        <Key name="py93" text="DEF" unicode_ascii="3" style="s_py9_key" size="213,73" pos="434,0" text2="3" text2_font="9" text2_rect="190,10,16,17" text2_color="0xFFA9A9A9" longpress="true" longpress_text="D,E,F,3,d,e,f" longpress_sel_index="3"/>  
        <Key function="delete_switch" permission="allow" name="py9delete" style="s_function_key" size="213,73" fgimg="btn_function_backspace.svg" fg_pushedimage="btn_function_backspace_pushed.svg" fgsize="43,30" pos="654,0" longpress="true" target_keyboard_layout="Keyboard_py9"/>
      </Layout>  
      <!-- Second keyboard line -->  
      <Layout name="py9line2" pos="203,76" size="870, 76"> 
        <Key name="py94" text="GHI" unicode_ascii="4" style="s_py9_key" size="213,73" pos="0,0" text2="4" text2_font="9" text2_rect="190,10,16,17" text2_color="0xFFA9A9A9" longpress="true" longpress_text="G,H,I,4,g,h,i" longpress_sel_index="3"/>  
        <Key name="py95" text="JKL" unicode_ascii="5" style="s_py9_key" size="213,73" pos="217,0" text2="5" text2_font="9" text2_rect="190,10,16,17" text2_color="0xFFA9A9A9" longpress="true" longpress_text="J,K,L,5,j,k,l" longpress_sel_index="3"/>  
        <Key name="py96" text="MNO" unicode_ascii="6" style="s_py9_key" size="213,73" pos="434,0" text2="6" text2_font="9" text2_rect="190,10,16,17" text2_color="0xFFA9A9A9" longpress="true" longpress_text="M,N,O,6,m,n,o" longpress_sel_index="3"/>  
        <Key function="reset" name="py9reset" text="重输" style="s_function_key" size="213,73" pos="654,0"/> 
      </Layout>  
      <!-- Third keyboard line -->  
      <Layout name="py9line3" pos="203,152" size="870,76"> 
        <Key name="py97" text="PQRS" unicode_ascii="7" style="s_py9_key" size="213,73" pos="0,0" text2="7" text2_font="9" text2_rect="190,10,16,17" text2_color="0xFFA9A9A9" longpress="true" longpress_text="P,Q,R,S,7,p,q,r,s" longpress_sel_index="4"/>  
        <Key name="py98" text="TUV" unicode_ascii="8" style="s_py9_key" size="213,73" pos="217,0" text2="8" text2_font="9" text2_rect="190,10,16,17" text2_color="0xFFA9A9A9" longpress="true" longpress_text="T,U,V,8,t,u,v" longpress_sel_index="3"/>  
        <Key name="py99" text="WXYZ" unicode_ascii="9" style="s_py9_key" size="213,73" pos="434,0" text2="9" text2_font="9" text2_rect="190,10,16,17" text2_color="0xFFA9A9A9" longpress="true" longpress_text="W,X,Y,Z,9,w,x,y,z" longpress_sel_index="4"/>  
        <Key name="py90" text="0" unicode_ascii="0" style="s_function_key" size="213,73" pos="654,0" longpress="true" longpress_mode="2" longpress_text="0"/> 
      </Layout>  
      <!-- Fourth keyboard line -->  
      <Layout name="py9line4" pos="6,228" size="1071, 76"> 
        <Key function="direct_switch" permission="allow" text="符" name="py9symbol" style="s_function_key" size="192,73" pos="0,0" target_keyboard_layout="Keyboard_symbol"/>  
        <Key function="direct_switch" permission="commitUserCandAllowAssociate" text="123" name="py9number" style="s_function_key" size="213,73" pos="197,0" target_keyboard_layout="Keyboard_number"/>  
        <Key function="space" name="py9space" style="s_function_space_key" fgpos="76,38" size="213,73" pos="414,0" longpress="true"/>
        <Key function="smart_switch" permission="convert" name="py9chen" style="s_function_key" size="213,73" pos="631,0" fgimg="btn_function_input_cn.svg" fg_pushedimage="btn_function_input_cn.svg" fgpos="80,12" fgsize="53,53" target_keyboard_layout="Keyboard_en26" />
        <Key function="enter" name="py9enter" style="s_function_enter_key" size="213,73" pos="851,0" enter_pys="1"/>
      </Layout> 
    </Layout>  
    <!-- Bihua keyboard -->  
    <Layout name="Keyboard_bihua" size="1080,388" pos="0,80" equivalent_list_name="chinese_list"> 
      <!-- Symbol line -->  
      <Layout name="bihualine0" pos="6,0" size="192,225"> 
        <List name="bhsymbollist" size="192,225" pos="0,0" direct="vertical" cell_size="192,54" cellpadding="10,6,10,8" selecttextcolor="0xFF2B3547" bkimage="key_qwerty.svg,10,10,10,10" item_widthAutoFit="false" item_heightAutoFit="false" item_textfont="4" item_textcolor="0xFF2B3547" item_minwidth="20" enableselected="false" sep_size="1,170" sep_color="0xFFCCCCCC" support_move="true" item_bkcolor="0xFF24364A" item_normalimage="trans.svg,10,10,10,10" item_pushedimage="btn_no_shadow_pushed.svg,3,3,3,3" dataSource="PY9Symbols"/>
      </Layout>  
      <!-- First keyboard line -->  
      <Layout name="bihualine1" pos="203,0" size="870,76"> 
        <Key name="bh1" text="一" unicode_ascii="1" style="s_py9_key" size="213,73" pos="0,0" text2="1" text2_font="9" text2_rect="190,10,16,17" text2_color="0xFFA9A9A9" longpress="true" longpress_text="1" longpress_sel_index="0"/>  
        <Key name="bh2" text="丨" unicode_ascii="2" style="s_py9_key" size="213,73" pos="217,0" text2="2" text2_font="9" text2_rect="190,10,16,17" text2_color="0xFFA9A9A9" longpress="true" longpress_text="2" longpress_sel_index="0"/>  
        <Key name="bh3" text="丿" unicode_ascii="3" style="s_py9_key" size="213,73" pos="434,0" text2="3" text2_font="9" text2_rect="190,10,16,17" text2_color="0xFFA9A9A9" longpress="true" longpress_text="3" longpress_sel_index="0"/>  
        <Key function="delete_switch" permission="allow" name="bhdelete" style="s_function_key" size="213,73" fgimg="btn_function_backspace.svg" fg_pushedimage="btn_function_backspace_pushed.svg" fgsize="43,30" pos="654,0" longpress="true" target_keyboard_layout="Keyboard_bihua"/>
      </Layout>  
      <!-- Second keyboard line -->  
      <Layout name="bihualine2" pos="203,76" size="870,76"> 
        <Key name="bh4" text="丶" unicode_ascii="4" style="s_py9_key" size="213,73" pos="0,0" text2="4" text2_font="9" text2_rect="190,10,16,17" text2_color="0xFFA9A9A9" longpress="true" longpress_text="4" longpress_sel_index="0"/>  
        <Key name="bh5" text="ㄥ" unicode_ascii="5" style="s_py9_key" size="213,73" pos="217,0" text2="5" text2_font="9" text2_rect="190,10,16,17" text2_color="0xFFA9A9A9" longpress="true" longpress_text="5" longpress_sel_index="0"/>  
        <Key name="bh6" text="通配" unicode_ascii="6" style="s_py9_key" size="213,73" pos="434,0" text2="6" text2_font="9" text2_rect="190,10,16,17" text2_color="0xFFA9A9A9" longpress="true" longpress_text="6" longpress_sel_index="0"/>  
        <Key function="reset" name="bhreset" text="重输" style="s_function_key" size="213,73" pos="654,0"/> 
      </Layout>  
      <!-- Third keyboard line -->  
      <Layout name="bihualine3" pos="203,152" size="870,76"> 
        <Key name="bh7" text="分词" unicode_ascii="'" style="s_py9_key" size="213,73" pos="0,0" text2="7" text2_font="7" text2_rect="190,10,16,17" text2_color="0xFFA9A9A9" longpress="true" longpress_text="7" longpress_sel_index="0"/>  
        <Key name="bh8" direct_output="true" text="：" output="：" style="s_py9_key" size="213,73" pos="217,0" text_rect_offset="20,0,0,0" text2="8" text2_font="9" text2_rect="190,10,16,17" text2_color="0xFFA9A9A9" longpress="true" longpress_text="8" longpress_sel_index="0"/>  
        <Key name="bh9" direct_output="true" text="；" output="；" style="s_py9_key" size="213,73" pos="434,0" text_rect_offset="20,0,0,0" text2="9" text2_font="9" text2_rect="190,10,16,17" text2_color="0xFFA9A9A9" longpress="true" longpress_text="9" longpress_sel_index="0"/>  
        <Key name="bh0" text="0" unicode_ascii="0" style="s_function_key" size="213,73" pos="654,0" longpress="true" longpress_mode="2" longpress_text="0"/> 
      </Layout>  
      <!-- Fourth keyboard line -->  
      <Layout name="bihualine4" pos="6,228" size="1071, 76"> 
        <Key function="direct_switch" permission="forbid" text="符" name="bhsymbol" style="s_function_key" size="192,73" pos="0,0" target_keyboard_layout="Keyboard_symbol"/>  
        <Key function="direct_switch" permission="forbid" text="123" name="bhnumber" style="s_function_key" size="213,73" pos="197,0" target_keyboard_layout="Keyboard_number"/>  
        <Key function="space" name="bhspace" style="s_function_space_key" fgpos="76,38" size="213,73" pos="414,0" longpress="true"/>
        <Key function="smart_switch" permission="clear" name="bhchen" style="s_function_key" size="213,73" pos="631,0" fgimg="btn_function_input_cn.svg" fg_pushedimage="btn_function_input_cn.svg" fgpos="80,12" fgsize="53,53" target_keyboard_layout="Keyboard_en26" />
        <Key function="enter" name="bhenter" style="s_function_enter_key" size="213,73" pos="851,0" enter_pys="1"/>
      </Layout> 
    </Layout>  
    <!-- Wubi keyboard -->  
    <Layout name="Keyboard_wubi" size="1080, 388" pos="0,80" equivalent_list_name="chinese_list"> 
      <!-- First keyboard line -->  
      <Layout name="wubiline1" pos="0,0" size="1080, 76"> 
        <Key name="wubiq" text="Q" unicode_ascii="q" pos="9,0" text2="1" text2_font="9" text2_rect="72,2,20,24" text2_color="0xFFA9A9A9" longpress="true" longpress_text="1,Q,q" longpress_sel_index="0"/>  
        <Key name="wubiw" text="W" unicode_ascii="w" pos="115,0" text2="2" text2_font="9" text2_rect="72,2,20,24" text2_color="0xFFA9A9A9" longpress="true" longpress_text="W,2,w" longpress_sel_index="1"/>  
        <Key name="wubie" text="E" unicode_ascii="e" pos="221,0" text2="3" text2_font="9" text2_rect="72,2,20,24" text2_color="0xFFA9A9A9" longpress="true" longpress_text="E,3,e" longpress_sel_index="1"/>  
        <Key name="wubir" text="R" unicode_ascii="r" pos="327,0" text2="4" text2_font="9" text2_rect="72,2,20,24" text2_color="0xFFA9A9A9" longpress="true" longpress_text="R,4,r" longpress_sel_index="1"/>  
        <Key name="wubit" text="T" unicode_ascii="t" pos="433,0" text2="5" text2_font="9" text2_rect="72,2,20,24" text2_color="0xFFA9A9A9" longpress="true" longpress_text="T,5,t" longpress_sel_index="1"/>  
        <Key name="wubiy" text="Y" unicode_ascii="y" pos="539,0" text2="6" text2_font="9" text2_rect="72,2,20,24" text2_color="0xFFA9A9A9" longpress="true" longpress_text="Y,6,y" longpress_sel_index="1"/>  
        <Key name="wubiu" text="U" unicode_ascii="u" pos="645,0" text2="7" text2_font="9" text2_rect="72,2,20,24" text2_color="0xFFA9A9A9" longpress="true" longpress_text="U,7,u" longpress_sel_index="1"/>  
        <Key name="wubii" text="I" unicode_ascii="i" pos="751,0" text2="8" text2_font="9" text2_rect="72,2,20,24" text2_color="0xFFA9A9A9" longpress="true" longpress_text="I,8,i" longpress_sel_index="1"/>  
        <Key name="wubio" text="O" unicode_ascii="o" pos="857,0" text2="9" text2_font="9" text2_rect="72,2,20,24" text2_color="0xFFA9A9A9" longpress="true" longpress_text="O,9,o" longpress_sel_index="1"/>  
        <Key name="wubip" text="P" unicode_ascii="p" pos="963,0" text2="0" text2_font="9" text2_rect="72,2,20,24" text2_color="0xFFA9A9A9" longpress="true" longpress_text="p,P,0" longpress_sel_index="2"/> 
      </Layout>  
      <!-- Second keyboard line -->  
      <Layout name="wubiline2" pos="0,76" size="1080,76"> 
        <Key name="wubia" text="A" unicode_ascii="a" pos="64,0" text2="~" text2_font="9" text2_rect="72,2,20,24" text2_color="0xFFA9A9A9" longpress="true" longpress_text="~,A,a" longpress_sel_index="0"/>  
        <Key name="wubis" text="S" unicode_ascii="s" pos="170,0" text2="！" text2_font="9" text2_rect="72,2,20,24" text2_color="0xFFA9A9A9" longpress="true" longpress_text="S,！,s" longpress_sel_index="1"/>  
        <Key name="wubid" text="D" unicode_ascii="d" pos="276,0" text2="@" text2_font="9" text2_rect="72,2,20,24" text2_color="0xFFA9A9A9" longpress="true" longpress_text="D,@,d" longpress_sel_index="1"/>  
        <Key name="wubif" text="F" unicode_ascii="f" pos="382,0" text2="#" text2_font="9" text2_rect="72,2,20,24" text2_color="0xFFA9A9A9" longpress="true" longpress_text="F,#,f" longpress_sel_index="1"/>  
        <Key name="wubig" text="G" unicode_ascii="g" pos="488,0" text2="%" text2_font="9" text2_rect="72,2,20,24" text2_color="0xFFA9A9A9" longpress="true" longpress_text="G,%,g" longpress_sel_index="1"/>  
        <Key name="wubih" text="H" unicode_ascii="h" pos="594,0" text2="“" text2_font="9" text2_rect="72,2,20,24" text2_color="0xFFA9A9A9" longpress="true" longpress_text="H,“,h" longpress_sel_index="1"/>  
        <Key name="wubij" text="J" unicode_ascii="j" pos="700,0" text2="”" text2_font="9" text2_rect="72,2,20,24" text2_color="0xFFA9A9A9" longpress="true" longpress_text="J,”,j" longpress_sel_index="1"/>  
        <Key name="wubik" text="K" unicode_ascii="k" pos="806,0" text2="*" text2_font="9" text2_rect="72,2,20,24" text2_color="0xFFA9A9A9" longpress="true" longpress_text="K,*,k" longpress_sel_index="1"/>  
        <Key name="wubil" text="L" unicode_ascii="l" pos="912,0" text2="？" text2_font="9" text2_rect="72,2,20,24" text2_color="0xFFA9A9A9" longpress="true" longpress_text="l,L,？" longpress_sel_index="2"/> 
      </Layout>  
      <!-- Third keyboard line -->  
      <Layout name="wubiline3" pos="0,152" size="1080,76"> 
        <Key function="wubi_py" text="拼音" name="wubipinyin" size="155,73" pos="9,0" style="s_function_key" checkedimage="key_func_qwerty_pushed.svg,10,10,10,10" selecttextcolor="0xFF525252" toggle="1" checkedhotimage="key_func_qwerty_pushed.svg,10,10,10,10" checkedpushimage="key_func_qwerty_pushed.svg,10,10,10,10"/>
        <Key name="wubiz" text="Z" unicode_ascii="z" pos="170,0" text2="（" text2_font="9" text2_rect="72,2,20,24" text2_color="0xFFA9A9A9" longpress="true" longpress_text="Z,（,z" longpress_sel_index="1"/>  
        <Key name="wubix" text="X" unicode_ascii="x" pos="276,0" text2="）" text2_font="9" text2_rect="72,2,20,24" text2_color="0xFFA9A9A9" longpress="true" longpress_text="X,）,x" longpress_sel_index="1"/>  
        <Key name="wubic" text="C" unicode_ascii="c" pos="382,0" text2="-" text2_font="9" text2_rect="72,2,20,24" text2_color="0xFFA9A9A9" longpress="true" longpress_text="C,-,c" longpress_sel_index="1"/>  
        <Key name="wubiv" text="V" unicode_ascii="v" pos="488,0" text2="_" text2_font="9" text2_rect="70,1,18,25" text2_color="0xFFA9A9A9" longpress="true" longpress_text="V,_,v" longpress_sel_index="1"/>  
        <Key name="wubib" text="B" unicode_ascii="b" pos="594,0" text2="：" text2_font="9" text2_rect="72,2,20,24" text2_color="0xFFA9A9A9" longpress="true" longpress_text="B,：,b" longpress_sel_index="1"/>  
        <Key name="wubin" text="N" unicode_ascii="n" pos="700,0" text2="；" text2_font="9" text2_rect="72,2,20,24" text2_color="0xFFA9A9A9" longpress="true" longpress_text="N,；,n" longpress_sel_index="1"/>  
        <Key name="wubim" text="M" unicode_ascii="m" pos="806,0" text2="/" text2_font="9" text2_rect="72,2,20,24" text2_color="0xFFA9A9A9" longpress="true" longpress_text="M,/,m" longpress_sel_index="1"/>  
        <Key function="delete_switch" permission="allow" name="wubidelete" size="155,73" fgimg="btn_function_backspace.svg" fg_pushedimage="btn_function_backspace_pushed.svg" fgsize="43,30" pos="912,0" longpress="true" style="s_function_key" target_keyboard_layout="Keyboard_wubi"/>
      </Layout>  
      <!-- Fourth keyboard line -->  
      <Layout name="wubiline4" pos="0,228" size="1080,76"> 
        <Key function="direct_switch" permission="forbid" text="符" name="wbsymbol" style="s_function_key" size="155,73" pos="9,0" target_keyboard_layout="Keyboard_symbol"/>  
        <Key function="direct_switch" permission="forbid" text="123" name="wubinumber" style="s_function_key" size="150,73" pos="170,0" target_keyboard_layout="Keyboard_number"/>  
        <Key name="wubidouhao" direct_output="true" text="，" output="，" unicode="0x1FF0C" pos="326,0" text_rect_offset="25,-25,0,0"/>  
        <Key function="space" name="wubispace" style="s_function_space_key" pos="433,0" longpress="true"/>
        <Key name="wubijuhao" direct_output="true" text="。" output="。" unicode="0x13002" pos="647,0" text_rect_offset="25,-25,0,0"/>  
        <Key function="smart_switch" permission="clear" name="wubichen" style="s_function_key" size="150,73" pos="754,0" fgimg="btn_function_input_cn.svg" fg_pushedimage="btn_function_input_cn.svg" fgpos="48,12" fgsize="53,53" target_keyboard_layout="Keyboard_en26" />
        <Key function="enter" name="wubienter" pos="912,0" enter_pys="1" style="s_function_enter_key"/>
      </Layout> 
    </Layout>  
    <!-- English26 symbol keyboard -->  
    <Layout name="Keyboard_en26_Symbol" size="1080, 388" pos="0,80"> 
      <!-- First keyboard line -->  
      <Layout name="en26symbolline1" pos="0,0" size="1080, 76"> 
        <Key name="en26symbol1" direct_output="true" text="1" output="1" pos="9,0"/>  
        <Key name="en26symbol2" direct_output="true" text="2" output="2" pos="115,0"/>  
        <Key name="en26symbol3" direct_output="true" text="3" output="3" pos="221,0"/>  
        <Key name="en26symbol4" direct_output="true" text="4" output="4" pos="327,0"/>  
        <Key name="en26symbol5" direct_output="true" text="5" output="5" pos="433,0"/>  
        <Key name="en26symbol6" direct_output="true" text="6" output="6" pos="539,0"/>  
        <Key name="en26symbol7" direct_output="true" text="7" output="7" pos="645,0"/>  
        <Key name="en26symbol8" direct_output="true" text="8" output="8" pos="751,0"/>  
        <Key name="en26symbol9" direct_output="true" text="9" output="9" pos="857,0"/>  
        <Key name="en26symbol0" direct_output="true" text="0" output="0" pos="963,0"/> 
      </Layout>  
      <!-- Second keyboard line -->  
      <Layout name="en26symbolline2" pos="0,76" size="1080,76"> 
        <Key name="en26symbol21" direct_output="true" text="@" output="@" pos="9,0"/>  
        <Key name="en26symbol22" direct_output="true" text="#" output="#" pos="115,0"/>  
        <Key name="en26symbol23" direct_output="true" text="$" output="$" pos="221,0"/>  
        <Key name="en26symbol24" direct_output="true" text="_" output="_" pos="327,0"/>  
        <Key name="en26symbol25" direct_output="true" text="&amp;" output="&amp;" pos="433,0"/>  
        <Key name="en26symbol26" direct_output="true" text="-" output="-" pos="539,0"/>  
        <Key name="en26symbol27" direct_output="true" text="+" output="+" pos="645,0"/>  
        <Key name="en26symbol28" direct_output="true" text="(" output="(" pos="751,0"/>  
        <Key name="en26symbol29" direct_output="true" text=")" output=")" pos="857,0"/>  
        <Key name="en26symbol20" direct_output="true" text="/" output="/" pos="963,0"/> 
      </Layout>  
      <!-- Third keyboard line -->  
      <Layout name="en26symbolline3" pos="0,152" size="1080,76"> 
        <Key function="replace_switch" permission="allow" text="更多" name="moresymbol" size="155,73" pos="9,0" style="s_function_key" checkedimage="key_func_qwerty_pushed.svg,10,10,10,10" selecttextcolor="0xFF525252" target_keyboard_layout="Keyboard_symbol"/>
        <Key name="en26symbol31" direct_output="true" text="*" output="*" pos="170,0"/>  
        <Key name="en26symbol32" direct_output="true" text="&quot;" output="&quot;" pos="276,0"/>  
        <Key name="en26symbol33" direct_output="true" text="'" output="'" pos="382,0"/>  
        <Key name="en26symbol34" direct_output="true" text=":" output=":" pos="488,0"/>  
        <Key name="en26symbol35" direct_output="true" text=";" output=";" pos="594,0"/>  
        <Key name="en26symbol36" direct_output="true" text="!" output="!" pos="700,0"/>  
        <Key name="en26symbol37" direct_output="true" text="?" output="?" pos="806,0"/>  
        <Key function="delete_switch" permission="return" name="en26symboldelete" size="155,73" fgimg="btn_function_backspace.svg" fg_pushedimage="btn_function_backspace_pushed.svg" fgsize="43,30" pos="912,0" longpress="true" style="s_function_key" target_keyboard_layout="Keyboard_en26_Symbol"/>
      </Layout>  
      <!-- Fourth keyboard line -->  
      <Layout name="en26symbolline4" pos="0,228" size="1080,76"> 
        <Key function="replace_switch" permission="allow" text="ABC" name="en26symbolback" style="s_function_key" size="155,73" pos="9,0" target_keyboard_layout="Keyboard_en26"/>  
        <Key function="replace_switch" permission="allow" text="123" name="en26symbolnumber" style="s_function_key" size="150,73" pos="170,0" target_keyboard_layout="Keyboard_number_en"/>  
        <Key name="en26symboldouhao" direct_output="true" text="," text_rect_offset="5,-25,0,0" output="," unicode="0x002C" pos="326,0"/>  
        <Key function="space" name="en26symbolspace" style="s_function_space_key" fgpos="154,38" size="367,73" pos="433,0" longpress="true"/>
        <Key name="en26symboljuhao" direct_output="true" text="." text_rect_offset="5,-25,0,0" output="." unicode="0x002E" pos="806,0"/>  
        <Key function="enter" name="en26symbolenter" pos="912,0" enter_pys="1" style="s_function_enter_key"/>
      </Layout> 
    </Layout>  
    <!-- Handwriting vertical half screen keyboard -->  
    <Layout name="Keyboard_handInput_Half" pos="0,80" size="1080, 388" equivalent_list_name="handwriting_list"> 
      <List name="multiListLanHW_Half" pos="-15,-78"/>  
      <Layout name="handInputLeft_Half" pos="0,2" size="206,304"> 
        <Key function="direct_switch" permission="commit" text="符" name="hwsymbol_Half" style="s_function_key" pos="6,0" size="189,73" text_rect_offset="0,-4,0,0" target_keyboard_layout="Keyboard_symbol"/>  
        <Key function="replace_switch" permission="commitUserCand" name="hwhalf" style="s_function_key" size="189,73" pos="6,76" fgimg="btn_handinput_half.svg" fg_pushedimage="btn_handinput_half.svg" fgsize="59,43" target_keyboard_layout="Keyboard_handInput_Full"/>
        <Key name="hwjuhao_Half" direct_output="true" text="。" output="。" text_rect_offset="20,-25,0,0" style="s_function_key" size="90,73" pos="6,152"/>  
        <Key name="hwdouhao_Half" direct_output="true" text="，" output="，" text_rect_offset="15,-25,0,0" style="s_function_key" size="90,73" pos="105,152"/>  
        <Key function="direct_switch" permission="commit" text="123" name="hwnumber_Half" size="189,73" pos="6,228" style="s_function_key" target_keyboard_layout="Keyboard_number" text_rect_offset="0,-4,0,0"/> 
      </Layout>  
      <Handinput name="Handinput_Half" bkimage="key_qwerty.svg,10,10,10,10" type="0" pos="205,4" size="668,296" isfullscreen="false" bkcolor="0xffffffff" inkcolor="0xFF000000" mode="0" showstroke="20" line_width="2" line_color="0xFFFF0000" auto_time="1000"/>  
      <Layout name="handInputRight_Half" pos="882,2" size="206,304"> 
        <Key function="delete_switch" permission="allow" name="hwdelete_Half" size="189,73" fgimg="btn_function_backspace.svg" fg_pushedimage="btn_function_backspace_pushed.svg" fgsize="43,30" pos="0,0" style="s_function_key" longpress="true" target_keyboard_layout="Keyboard_handInput_Half"/>
        <Key function="space" name="hwspace_Half" size="189,73" fgpos="71,34" fgsize="47,12" pos="0,76" longpress="true" style="s_function_space_key"/>
        <Key function="switch_hw" name="switch_hw_Half" size="189,73" pos="0,152" text="" style="s_function_key" fgsize="32,32" fgimg="btn_language_switch_earth.svg" fg_pushedimage="btn_language_switch_earth.svg" fg_selectimage="btn_language_switch_earth.svg"/>
        <Key function="enter" name="hwenter_Half" size="189,73" pos="0,228" style="s_function_enter_key"/>
      </Layout> 
    </Layout>  
    <!-- Handwriting vertical full screen keyboard -->  
    <Layout name="Keyboard_handInput_Full" pos="0,74" size="1080,242" equivalent_list_name="handwriting_list"> 
      <List name="multiListLanHW_Full" pos="-3,-65"/>  
      <Layout name="LayoutVF_Key" pos="0,9" size="1080,72"> 
        <Key name="hwdouhao_Full" direct_output="true" text="，" output="，" size="210,72" pos="7,0" text_rect_offset="16,-25,0,0"/>  
        <Key name="hwjuhao_Full" direct_output="true" text="。" output="。" size="210,72" pos="220,0" text_rect_offset="16,-25,0,0"/>  
        <Key name="hwwenhao_Full" direct_output="true" text="?" output="? " size="210,72" pos="434,0" text_rect_offset="0,0,0,0"/>  
        <Key name="hwtanhao_Full" direct_output="true" text="!" output="! " size="210,72" pos="648,0" text_rect_offset="0,0,0,0"/>  
        <Key function="delete_switch" permission="allow" name="hwdelete_Full" size="210,72" fgimg="btn_function_backspace.svg" fg_pushedimage="btn_function_backspace_pushed.svg" fgpos="83,19" fgsize="43,30" pos="861,0" style="s_function_key" longpress="true" target_keyboard_layout="Keyboard_handInput_Full"/>
      </Layout>  
      <Layout name="LayoutVF_FuncKey" pos="0,85" size="1080,72"> 
        <Key function="direct_switch" permission="commit" text="符" name="hwsymbol_Full" style="s_function_key" pos="7,0" size="138,72" target_keyboard_layout="Keyboard_symbol" text_rect_offset="0,-4,0,0"/>  
        <Key function="direct_switch" permission="commit" text="123" name="hwnumber_Full" style="s_function_key" pos="149,0" size="138,72" target_keyboard_layout="Keyboard_number" text_rect_offset="0,-4,0,0"/>  
        <Key function="replace_switch" permission="commitUserCand" name="hwentire_Full" style="s_function_key" size="138,72" pos="292,0" fgimg="btn_handinput_full.svg" fg_pushedimage="btn_handinput_full.svg" fgsize="59,43" target_keyboard_layout="Keyboard_handInput_Half"/>
        <Key function="space" name="hwspace_Full" size="210,72" fgpos="74,28" pos="434,0" longpress="true" style="s_function_space_key"/>
        <Key function="switch_hw" name="switch_hw_Full" text="" style="s_function_key" fgsize="32,32" fgimg="btn_language_switch_earth.svg" fg_pushedimage="btn_language_switch_earth.svg" fg_selectimage="btn_language_switch_earth.svg" size="210,72" pos="648,0"/>
        <Key function="enter" name="hwenter_Full" size="210,72" fgpos="83,19" pos="861,0" style="s_function_enter_key"/>
      </Layout> 
    </Layout>  
    <!-- Number keyboard -->  
    <Layout name="Keyboard_number" pos="0,80" size="1080, 388"> 
      <!-- Symbol line -->  
      <Layout name="numberline0" pos="6,0" size="192,225"> 
        <List name="symbollist_number" size="192,225" pos="0,0" direct="vertical" cell_size="192,54" cellpadding="10,5,10,5" selecttextcolor="0xFF2B3547" bkimage="key_qwerty.svg,10,10,10,10" item_widthAutoFit="false" item_heightAutoFit="false" item_textfont="4" item_textcolor="0xFF2B3547" item_minwidth="20" enableselected="false" sep_size="1,170" sep_color="0xFFCCCCCC" support_move="true" item_bkcolor="0xFF24364A" item_normalimage="trans.svg,10,10,10,10" item_pushedimage="btn_no_shadow_pushed.svg,3,3,3,3" dataSource="NumberSymbols"/>
      </Layout>  
      <!-- First keyboard line -->  
      <Layout name="numberline1" pos="203,0" size="870,76"> 
        <Key name="number1" direct_output="true" text="1" output="1" style="s_py9_key" size="213,73" pos="0,0"/>  
        <Key name="number2" direct_output="true" text="2" output="2" style="s_py9_key" size="213,73" pos="217,0"/>  
        <Key name="number3" direct_output="true" text="3" output="3" style="s_py9_key" size="213,73" pos="434,0"/>  
        <Key function="delete_switch" permission="allow" name="numberdelete" style="s_function_key" size="213,73" fgimg="btn_function_backspace.svg" fg_pushedimage="btn_function_backspace_pushed.svg" fgsize="43,30" pos="654,0" longpress="true" target_keyboard_layout="Keyboard_py9"/>
      </Layout>  
      <!-- Second keyboard line -->  
      <Layout name="numberline2" pos="203,76" size="870, 76"> 
        <Key name="number4" direct_output="true" text="4" output="4" style="s_py9_key" size="213,73" pos="0,0"/>  
        <Key name="number5" direct_output="true" text="5" output="5" style="s_py9_key" size="213,73" pos="217,0"/>  
        <Key name="number6" direct_output="true" text="6" output="6" style="s_py9_key" size="213,73" pos="434,0"/>  
        <Key name="numberjuhao" direct_output="true" text="." output="." style="s_function_key" size="214,73" pos="654,0"/> 
      </Layout>  
      <!-- Third keyboard line -->  
      <Layout name="numberline3" pos="203,152" size="870,76"> 
        <Key name="number7" direct_output="true" text="7" output="7" style="s_py9_key" size="213,73" pos="0,0"/>  
        <Key name="number8" direct_output="true" text="8" output="8" style="s_py9_key" size="213,73" pos="217,0"/>  
        <Key name="number9" direct_output="true" text="9" output="9" style="s_py9_key" size="213,73" pos="434,0"/>  
        <Key name="number@" direct_output="true" text="@" output="@" style="s_function_key" size="213,73" pos="654,0"/> 
      </Layout>  
      <!-- Fourth keyboard line -->  
      <Layout name="numberline4" pos="6,228" size="1071, 76"> 
        <Key function="direct_switch" permission="allow" text="符" name="numbersymbol" style="s_function_key" size="192,73" pos="0,0" target_keyboard_layout="Keyboard_symbol"/>  
        <Key function="return_switch" permission="allow" name="numberback" style="s_function_key" fgimg="btn_function_back.svg" fg_pushedimage="btn_function_back_pushed.svg" fgsize="40,30" size="213,73" pos="197,0" target_keyboard_layout="Keyboard_py9"/>
        <Key name="number0" direct_output="true" text="0" output="0" style="s_py9_key" size="213,73" pos="414,0"/>  
        <Key function="space" name="numberspace" style="s_function_space_key" fgpos="76,38" size="213,73" pos="631,0" longpress="true"/>
        <Key function="enter" name="numberenter" style="s_function_enter_key" size="213,73" pos="851,0" enter_pys="1"/>
      </Layout> 
    </Layout>  
    <!-- English number keyboard -->  
    <Layout name="Keyboard_number_en" pos="0,80" size="1080, 388"> 
      <!-- Symbol line -->  
      <Layout name="ennumberline0" pos="6,0" size="192,225"> 
        <List name="symbollist_number_en" size="192,225" pos="0,0" direct="vertical" cell_size="192,54" cellpadding="10,5,10,5" selecttextcolor="0xFF2B3547" bkimage="key_qwerty.svg,10,10,10,10" item_widthAutoFit="false" item_heightAutoFit="false" item_textfont="4" item_textcolor="0xFF2B3547" item_minwidth="20" enableselected="false" sep_size="1,170" sep_color="0xFFCCCCCC" support_move="true" item_bkcolor="0xFF24364A" item_normalimage="trans.svg,10,10,10,10" item_pushedimage="btn_no_shadow_pushed.svg,3,3,3,3" dataSource="NumberSymbols"/>
      </Layout>  
      <!-- First keyboard line -->  
      <Layout name="ennumberline1" pos="203,0" size="870,76"> 
        <Key name="ennumber1" direct_output="true" text="1" output="1" style="s_py9_key" size="213,73" pos="0,0"/>  
        <Key name="ennumber2" direct_output="true" text="2" output="2" style="s_py9_key" size="213,73" pos="217,0"/>  
        <Key name="ennumber3" direct_output="true" text="3" output="3" style="s_py9_key" size="213,73" pos="434,0"/>  
        <Key function="delete_switch" permission="allow" name="ennumberdelete" style="s_function_key" size="213,73" fgimg="btn_function_backspace.svg" fg_pushedimage="btn_function_backspace_pushed.svg" fgsize="43,30" pos="654,0" longpress="true" target_keyboard_layout="Keyboard_en26"/>
      </Layout>  
      <!-- Second keyboard line -->  
      <Layout name="ennumberline2" pos="203,76" size="870, 76"> 
        <Key name="ennumber4" direct_output="true" text="4" output="4" style="s_py9_key" size="213,73" pos="0,0"/>  
        <Key name="ennumber5" direct_output="true" text="5" output="5" style="s_py9_key" size="213,73" pos="217,0"/>  
        <Key name="ennumber6" direct_output="true" text="6" output="6" style="s_py9_key" size="213,73" pos="434,0"/>  
        <Key name="ennumberjuhao" direct_output="true" text="." output="." style="s_function_key" size="214,73" pos="654,0"/> 
      </Layout>  
      <!-- Third keyboard line -->  
      <Layout name="ennumberline3" pos="203,152" size="870,76"> 
        <Key name="ennumber7" direct_output="true" text="7" output="7" style="s_py9_key" size="213,73" pos="0,0"/>  
        <Key name="ennumber8" direct_output="true" text="8" output="8" style="s_py9_key" size="213,73" pos="217,0"/>  
        <Key name="ennumber9" direct_output="true" text="9" output="9" style="s_py9_key" size="213,73" pos="434,0"/>  
        <Key name="ennumber@" direct_output="true" text="@" output="@" style="s_function_key" size="213,73" pos="654,0"/> 
      </Layout>  
      <!-- Fourth keyboard line -->  
      <Layout name="ennumberline4" pos="6,228" size="1071, 76"> 
        <Key function="replace_switch" permission="allow" text="!?#" name="ennumbersymbol" style="s_function_key" size="192,73" pos="0,0" target_keyboard_layout="Keyboard_en26_Symbol"/>  
        <Key function="return_switch" permission="allow" name="ennumberback" style="s_function_key" fgimg="btn_function_back.svg" fg_pushedimage="btn_function_back_pushed.svg" fgsize="40,30" size="213,73" pos="197,0" target_keyboard_layout="Keyboard_en26"/>
        <Key name="ennumber0" direct_output="true" text="0" output="0" style="s_py9_key" size="213,73" pos="414,0"/>  
        <Key function="space" name="ennumberspace" style="s_function_space_key" fgpos="76,38" size="213,73" pos="631,0" longpress="true"/>
        <Key function="enter" name="ennumberenter" style="s_function_enter_key" size="213,73" pos="851,0" enter_pys="1"/>
      </Layout> 
    </Layout>  
    <!-- Switch Keyboard -->  
    <Layout name="Keyboard_switch" pos="0,80" size="1080, 388" equivalent_list_name="tool_bar_list"> 
      <Key function="replace_switch" permission="clear" name="switchPY9" size="123,131" pos="188,21" style="s_switch_keyboard_key" fgpos="24,13" fgimg_stretch_align="hcenter" fgimg="ime_switch_pinyin9_normal.svg" fg_pushedimage="ime_switch_pinyin9_pushed.svg" select_bkcolor="0x00000000" fg_selectimage="ime_switch_pinyin9_pushed.svg" text="拼音九键" text_rect="0,94,0,12" selecttextcolor="0xFFFF642B" font="7" target_keyboard_layout="Keyboard_py9" />
      <Key function="replace_switch" permission="clear" name="switchPY26" size="123,131" pos="478,21" style="s_switch_keyboard_key" fgpos="24,13" fgimg_stretch_align="hcenter" fgimg="ime_switch_pinyin26_normal.svg" select="1" fg_pushedimage="ime_switch_pinyin26_pushed.svg" select_bkcolor="0x00000000" fg_selectimage="ime_switch_pinyin26_pushed.svg" text="拼音全键" text_rect="0,94,0,12" selecttextcolor="0xFFFF642B" font="7" target_keyboard_layout="Keyboard_py26" />
      <Key function="smart_switch" permission="replace" name="switchHW" size="123,131" pos="768,21" style="s_switch_keyboard_key" fgpos="24,13" fgimg_stretch_align="hcenter" fgimg="ime_switch_hw_normal.svg" fg_pushedimage="ime_switch_hw_pushed.svg" select_bkcolor="0x00000000" fg_selectimage="ime_switch_hw_pushed.svg" text="手写" text_rect="0,94,0,12" selecttextcolor="0xFFFF642B" font="7" target_keyboard_layout="Keyboard_handInput_Half" />
      <Key function="replace_switch" permission="clear" name="switchBIHUA" size="123,131" pos="188,167" style="s_switch_keyboard_key" fgpos="24,13" fgimg_stretch_align="hcenter" fgimg="ime_switch_bihua_normal.svg" fg_pushedimage="ime_switch_bihua_pushed.svg" select_bkcolor="0x00000000" fg_selectimage="ime_switch_bihua_pushed.svg" text="笔画" text_rect="0,94,0,12" selecttextcolor="0xFFFF642B" font="7" target_keyboard_layout="Keyboard_bihua" />
      <Key function="replace_switch" permission="clear" name="switchWUBI" size="123,131" pos="478,167" style="s_switch_keyboard_key" fgpos="24,13" fgimg_stretch_align="hcenter" fgimg="ime_switch_wubi_normal.svg" fg_pushedimage="ime_switch_wubi_pushed.svg" select_bkcolor="0x00000000" fg_selectimage="ime_switch_wubi_pushed.svg" text="五笔" text_rect="0,94,0,12" selecttextcolor="0xFFFF642B" font="7" target_keyboard_layout="Keyboard_wubi" />
      <Key function="replace_switch" permission="clear" name="switchEN26" size="123,131" pos="768,167" style="s_switch_keyboard_key" fgpos="24,13" fgimg_stretch_align="hcenter" fgimg="ime_switch_en26_normal.svg" fg_pushedimage="ime_switch_en26_pushed.svg" select_bkcolor="0x00000000" fg_selectimage="ime_switch_en26_pushed.svg" text="英文全键" text_rect="0,94,0,12" selecttextcolor="0xFFFF642B" font="7" target_keyboard_layout="Keyboard_en26" />
    </Layout>
	 <!-- Setting Keyboard -->
	<Layout name="Keyboard_setting" pos="0,80" size="1080,388" equivalent_list_name="tool_bar_list">
		<Key name="configtoolsetting" style="s_switch_keyboard_key" size="123,131" pos="32,12" fgpos="24,13" fgsize="74,74" fgimg_stretch_align="hcenter" fgimg="ime_function_setting_normal.svg" fg_pushedimage="ime_function_setting_normal.svg" select_bkcolor="0x00000000" fg_selectimage="ime_function_setting_normal.svg" text="属性设置" text_rect="0,94,0,12" selecttextcolor="0xFFFF642B" font="7" />
		<Key function="direct_switch" permission="allow" name="movecursor" style="s_switch_keyboard_key" size="123,131" pos="190,12" fgpos="24,13" fgsize="74,74" fgimg_stretch_align="hcenter" fgimg="ime_function_movecursor_normal.svg" fg_pushedimage="ime_function_movecursor_normal.svg" select_bkcolor="0x00000000" fg_selectimage="ime_function_movecursor_normal.svg" text="移动光标" text_rect="0,94,0,12" selecttextcolor="0xFFFF642B" font="7" target_keyboard_layout="Keyboard_direction"/>
	</Layout>
	<!-- Direction Function key Keyboard -->
	<Layout name="Keyboard_direction" pos="0,0" size="1080,388" showtoolsbar="false" equivalent_list_name="tool_bar_list">
		<Layout name="directionline1" pos="1,0" size="1078,80" bkimage="candidate_bg.svg" self_adjust_flag="true" self_adjust_size="2,0">
			<Text text="移动光标" name="direction_text" style="s_direction_key" font="6" size="108,27" pos="486,23"/>
			<Key function="return_switch" permission="allow" name="directionback" normalimage="trans.svg" pushedimage="btn_no_shadow_pushed.svg,3,3,3,3" fgimg="btn_function_return_inputpage.svg" fg_pushedimage="btn_function_return_inputpage.svg" fgsize="40,30" size="94,80" pos="986,0" target_keyboard_layout="Keyboard_py26"/>
		</Layout>
		<Layout name="directionline2" pos="1,80" size="1078,312" self_adjust_flag="true" self_adjust_size="2,0">
			<Key name="ime_func_up" function="edit_up" style="s_direction_key" pos="512,84" fgpos="26,15" fgimg="ime_function_up.svg" longpress="true"/>
			<Key name="ime_func_down" function="edit_down" style="s_direction_key" pos="512,186" fgpos="26,15" fgimg="ime_function_down.svg" longpress="true"/>
			<Key name="ime_func_right" function="edit_right" style="s_direction_key" pos="648,135" fgpos="26,15" fgimg="ime_function_right.svg" longpress="true"/>
			<Key name="ime_func_left" function="edit_left" style="s_direction_key" pos="383,135" fgpos="26,15" fgimg="ime_function_left.svg" longpress="true"/>
		</Layout>
	</Layout>
    <!-- Voice recognition keyboard -->  
    <Layout name="Keyboard_voice" pos="0,0" size="1080, 388" showtoolsbar="false" equivalent_list_name="tool_bar_list"> 
      <!-- First keyboard line -->  
      <Layout name="voiceline1" pos="1,0" size="1078, 80" bkimage="voice_background.svg,1,1,1,1" self_adjust_flag="true" self_adjust_size="2,0">
        <Key text="转文字" name="voice_to_text" bkimage="trans.svg" normalimage="trans.svg" pushedimage="trans.svg" font="6" size="81,28" pos="500,23"/>  
        <Key function="return_switch" name="voiceback" bkimage="trans.svg" normalimage="trans.svg" pushedimage="btn_no_shadow_pushed.svg,3,3,3,3" fgimg="btn_function_return_inputpage.svg" fg_pushedimage="btn_function_return_inputpage.svg" fgsize="40,30" size="95,80" pos="986,0" target_keyboard_layout="Keyboard_py26"/>
      </Layout>  
      <!-- Second keyboard line -->  
      <Layout name="voiceline2" pos="1,73" size="1078, 315" bkimage="trans.svg,2,2,2,2" self_adjust_flag="true" self_adjust_size="2,0"> 
        <Key name="voice_language_button" font="7" align="left" text="" text_rect_offset="17,0,0,0" normalimage="voice_language.svg,30,30,4,4" hotimage="voice_language.svg,30,30,4,4" pushedimage="voice_language_p.svg,30,30,4,4" fgsize="19,11" fgpos="60,21" fgimg="voice_selected_arrow.svg" fg_pushedimage="voice_selected_arrow.svg" fg_selectimage="voice_selected_arrow_p.svg" fgimg_stretch_align="vcenter" longpress="false" size="93,51" pos="30,24"/>
        <Tab name="VoiceKeyboardState" default="voiceinit" size="1080, 238" pos="0,140"> 
          <!-- voice start -->  
          <Layout name="voiceinit" pos="0,0" size="1078, 238"> 
            <Key text="点击按钮开始" name="voice_language_start" textcolor="0xFFB9B9B9" font="8" bkimage="trans.svg" normalimage="trans.svg" pushedimage="trans.svg" size="313,32" pos="384,66"/>  
            <Key name="voice_start" bkimage="voice_button.svg" normalimage="voice_button.svg" pushedimage="button_press.svg" size="70,70" pos="505,145" vertical_equal_proportion_stretch="true" /> 
          </Layout>  
          <!-- voice speak -->  
          <Layout name="voicespeak" pos="0,0" size="1078, 238"> 
            <Key text="请说话" name="voice_language_speak" textcolor="0xFFB9B9B9" font="8" bkimage="trans.svg" normalimage="trans.svg" pushedimage="trans.svg" size="313,30" pos="384,-20"/>  
            <Voicewave name="volume_wave" size="720, 90" pos="170,45" countshow="54" minHeight="6" waveimg="voice_wave.svg,2,2,2,2"/>
            <Key name="voice_stop" text="说完了" bkimage="voice_button_bg.svg" normalimage="voice_button_bg.svg" pushedimage="button_press.svg" font="9" textcolor="0xFFFFFFFF" size="70,70" pos="505,145" vertical_equal_proportion_stretch="true"/> 
          </Layout>  
          <!-- voice error -->  
          <Layout name="voiceerror" pos="0,0" size="1078, 238"> 
            <Key name="voice_error_image" bkimage="sogou_error_img_no_network.svg" normalimage="trans.svg" size="157,147" pos="461,0"/>  
            <Key name="voice_error_code" text="网络不给力，请检查网络状况" bkimage="trans.svg" normalimage="trans.svg" pushedimage="trans.svg" textcolor="0xFFB9B9B9" font="7" size="360,32" pos="360,167"/> 
          </Layout> 
        </Tab> 
      </Layout> 
    </Layout>  
    <!-- Symbol keyboard -->  
    <Layout name="Keyboard_symbol" pos="0,0" size="1080, 388"> 
      <!-- First keyboard line -->  
      <Layout name="symbolline1" pos="1,1" size="892,316"> 
        <ScrollGrid name="SymbolsGrid" pos="0,0" size="892,316" col="4" row="4" font="0" textcolor="0xFF515151" selecttextcolor="0xFF515151" bkcolor="0xFFFFFFFF" item_hotcolor="0xFFFFFFFF" item_widthAutoFit="true" item_heightAutoFit="false" item_textfont="0" item_textcolor="0xFF515151" item_bkcolor="0xFFFFFFFF" sep_size="2,25" sep_color="0xFF24364A" item_pushedcolor="0xFFE5E5E5" grid_expand_mode="last_min" show_gridline="0" line_color="0xFFC7C7C7" line_width="0" bindPageUpBtn="SymbolsGrid_up" bindPageDownBtn="SymbolsGrid_down" autolistPaintOffset="1"/> 
      </Layout>  
      <!-- Second keyboard line -->  
      <Layout name="symbolline2" pos="890,0" size="190,316"> 
        <Key function="return_switch" name="symbolback" style="s_function_key" normalimage="morecand_bg.svg,2,2,2,2" pushedimage="morecand_bg_pushed.svg,2,2,2,2" disabledimage="morecand_bg.svg,2,2,2,2" fgimg="btn_function_back.svg" fg_pushedimage="btn_function_back_pushed.svg" fgsize="40,30" size="189,79" pos="0,0" target_keyboard_layout="Keyboard_py26"/>
        <Key name="SymbolsGrid_up" style="s_function_key" normalimage="morecand_bg.svg,2,2,2,2" pushedimage="morecand_bg_pushed.svg,2,2,2,2" disabledimage="morecand_bg.svg,2,2,2,2" fgimg="btn_symbols_pageup.svg" fg_pushedimage="btn_symbols_pageup_pushed.svg" fgsize="28,35" size="189,79" pos="0,79" fg_disabledimage="btn_symbols_pageup_disabled.svg"/>  
        <Key name="SymbolsGrid_down" style="s_function_key" normalimage="morecand_bg.svg,2,2,2,2" pushedimage="morecand_bg_pushed.svg,2,2,2,2" disabledimage="morecand_bg.svg,2,2,2,2" fgimg="btn_symbols_pagedown.svg" fg_pushedimage="btn_symbols_pagedown_pushed.svg" fgsize="28,35" size="189,79" pos="0,158" fg_disabledimage="btn_symbols_pagedown_disabled.svg"/>  
        <Key name="symlock" style="s_function_key" normalimage="morecand_bg.svg,2,2,2,2" pushedimage="morecand_bg_pushed.svg,2,2,2,2" disabledimage="morecand_bg.svg,2,2,2,2" size="189,79" pos="0,237" fgimg="btn_symbols_lock.svg" fg_pushedimage="btn_symbols_lock_pushed.svg" fgsize="48,37" toggle="1" toggle_fgimg="btn_symbols_lock_toggle.svg" toggle_fg_pushedimage="btn_symbols_lock_toggle_pushed.svg"/> 
      </Layout>  
      <!-- Third keyboard line -->  
      <Layout name="symbolline3" pos="0,315" size="1080,72"> 
        <TabList name="listscroll_sympages" direct="horizon" size="1078,72" pos="0,0" cell_size="113,72" font="7" textcolor="0xFF515151" selecttextcolor="0xFF515151" hovertextcolor="0xFF515151" pushtextcolor="0xFF515151" normalimage="morecand_bg.svg,2,2,2,2" pushedimage="morecand_bg_pushed.svg,2,2,2,2" item_widthAutoFit="false" item_heightAutoFit="false" item_textfont="7" item_textcolor="0xFF515151" item_minwidth="20" enableselected="false" sep_size="1,72" sep_color="0xFFABABAB" support_move="true" item_normalimage="morecand_bg.svg,2,2,2,2" item_pushedimage="morecand_bg.svg,2,2,2,2" item_checkedimage="morecand_bg_pushed.svg,2,2,2,2" dataSource="Symbols" bindContainer="SymbolsGrid"/> 
      </Layout> 
    </Layout>  
    <!-- More Candidate keyboard-->  
    <Layout name="keyboard_moreCand" pos="0,0" size="1080, 388"> 
      <!-- First keyboard line -->  
      <Layout name="moreCandline1" pos="1,1" size="889,388"> 
		<ScrollGrid name="MoreCandGrid" pos="0,0" size="889,384" maxwidth="880" selecttextcolor="0xFFFF642B" bkcolor="0xFFFFFFFF" col="6" row="4" font="0" item_fgsize="15,15" textcolor="0xFF515151" hovertextcolor="0xFF515151" pushtextcolor="0xFFed8359" item_bkcolor="0xFFFFFFFF" item_hotcolor="0xFFFFFFFF" item_widthAutoFit="true" item_heightAutoFit="true" item_textfont="0" item_textcolor="0xFF515151" item_correctimg="correctmark.svg" item_correctselectimg="correctmarkh.svg" item_cloudimg="cloud_correct.svg" item_cloudselectimg="cloud_correct_h.svg" sep_size="2,25" sep_color="0xFF24364A" item_pushedcolor="0xFFE5E5E5" grid_expand_mode="last_min" show_gridline="1" line_color="0xFFC7C7C7" line_width="1" autolistPaintOffset="1"/> 
	  </Layout>  
      <!-- Second keyboard line -->  
      <Layout name="moreCandline2" pos="888,0" size="191,388"> 
        <Key function="return_switch" name="morecandback" style="s_function_key" normalimage="morecand_bg.svg,2,2,2,2" pushedimage="morecand_bg_pushed.svg,2,2,2,2" fgimg="btn_function_back.svg" fg_pushedimage="btn_function_back_pushed.svg" fgsize="40,30" size="191,97" pos="0,0" target_keyboard_layout="Keyboard_py26"/>  
        <Key function="delete_switch" permission="return" name="morecanddelete" style="s_function_key" normalimage="morecand_bg.svg,2,2,2,2" pushedimage="morecand_bg_pushed.svg,2,2,2,2" fgimg="btn_function_backspace.svg" fg_pushedimage="btn_function_backspace_pushed.svg" fg_disabledimage="delete_disable_p.svg" fgsize="43,30" size="191,97" pos="0,97" target_keyboard_layout="Keyboard_py26"/>
        <Key function="return_switch" permission="clear" name="morecandreset" text="重输" style="s_function_key" normalimage="morecand_bg.svg,2,2,2,2" pushedimage="morecand_bg_pushed.svg,2,2,2,2" size="191,97" pos="0,194" fgsize="62,30" target_keyboard_layout="Keyboard_py26"/>  
        <Key name="all_single_cand" style="s_function_key" normalimage="morecand_bg.svg,2,2,2,2" pushedimage="morecand_bg_pushed.svg,2,2,2,2" disabledimage="morecand_bg.svg,2,2,2,2" fgsize="88,50" size="191,95" pos="0,291" fgimg="btn_function_filter_all.svg" fg_pushedimage="btn_function_filter_all.svg" fg_disabledimage="btn_symbols_lock_disabled.svg" toggle="1" toggle_fgimg="btn_function_filter_single.svg" toggle_fg_pushedimage="btn_function_filter_single.svg" textcolor="0xFFFFFFFF"/>  
        <Key function="enter" name="morecandEnenter" style="s_function_key" normalimage="morecand_bg.svg,2,2,2,2" pushedimage="morecand_bg_pushed.svg,2,2,2,2" disabledimage="morecand_bg.svg,2,2,2,2" fgsize="57,36" size="191,95" pos="0,291" fgimg="btn_function_enter.svg" fg_pushedimage="btn_function_enter_pushed.svg" textcolor="0xFFFFFFFF"/>
        <Key name="morecandBHpageup" style="s_function_key" normalimage="morecand_bg.svg,2,2,2,2" pushedimage="morecand_bg_pushed.svg,2,2,2,2" disabledimage="morecand_bg.svg,2,2,2,2" fgimg="btn_symbols_pageup.svg" fg_pushedimage="btn_symbols_pageup_pushed.svg" fg_disabledimage="btn_symbols_pageup_disabled.svg" fgsize="28,35" size="191,97" pos="0,97"/>  
        <Key name="morecandBHpagedown" style="s_function_key" normalimage="morecand_bg.svg,2,2,2,2" pushedimage="morecand_bg_pushed.svg,2,2,2,2" disabledimage="morecand_bg.svg,2,2,2,2" fgimg="btn_symbols_pagedown.svg" fg_pushedimage="btn_symbols_pagedown_pushed.svg" fg_disabledimage="btn_symbols_pagedown_disabled.svg" size="191,97" pos="0,194" fgsize="28,35"/>  
        <Key name="morecandBHlock" style="s_function_key" normalimage="morecand_bg.svg,2,2,2,2" pushedimage="morecand_bg_pushed.svg,2,2,2,2" disabledimage="morecand_bg.svg,2,2,2,2" fgsize="57,57" size="191,95" pos="0,291" fgimg="btn_symbols_lock_toggle_disabled.svg" fg_pushedimage="btn_symbols_lock_toggle_disabled.svg" textcolor="0xFFFFFFFF"/> 
      </Layout> 
    </Layout>  
    <!-- Long press bubble -->  
    <LPContainer name="longpress_popup" size="1080,388" pos="0,0" direct="horizon" longpress_bkimg="longpress_bg.svg,20,20,20,20" longpress_item_normalimage="trans.svg" longpress_item_selectimage="longpress_item_selected.svg,16,15,16,15" longpress_item_width="60" longpress_item_hight="60" containerpadding="10,11,10,12" longpress_item_shadow="1"/>
  </Tab>
</Window>
