<?xml version="1.0" encoding="utf-8" standalone="yes" ?>
 <Window name="WndPop" size="268,138" bkimage="bg.png,10,10,10,10"> 
	<Font name="微软雅黑" size="16"/> <!-- 0 -->
	<Font name="微软雅黑" size="14"/> <!-- 1 -->
	<Font name="微软雅黑" size="12"/> <!-- 2 -->
	<Button name="logo" normalimage="logo.svg" size="21,21" pos="18,15" />
	<Text text="更新" name="Title" size="32,16" pos="45,18" font="0" textcolor="0xff000000" />
	<Button name="close" normalimage="close/close-default.svg" hotimage="close/close-hover.svg"	pushedimage="close/close-click.svg"
	disabledimage="close/close-disable.svg" size="30,28" pos="228,10" />
	<Button name="hint" normalimage="hint.svg" size="28,28" pos="32,65" />
	<Text name="tips" text="" size="168,34" align="left" pos="68,60" textcolor="0xff000000" font="1"/>
</Window>


