<?xml version="1.0" encoding="utf-8" standalone="yes" ?>

<Window showshadow="false" bktrans="true">
  <Font id="0" name="微软雅黑" size="12" bold="false" default="true" />
  <Default name="Menu" value="menuItemHover=&quot;file='menuItem_hover.svg' corner='1,1,1,1'&quot; menuItemPress=&quot;file='menuItem_press.svg' corner='1,1,1,1'&quot; submenuhorizontalpadding=&quot;30&quot; indent=&quot;8&quot; iconTextPadding=&quot;8&quot; borderpadding=&quot;12,14,6,14&quot; expandiconsize=&quot;6,9&quot; checkiconsize=&quot;12,9&quot; rowspace=&quot;12&quot; iconsize=&quot;16,16&quot; shortkeycolor=&quot;0xff969696&quot; shortkeypadding=&quot;5&quot; expandicon=&quot;arrow.svg&quot; checkicon=&quot;check.svg&quot; itemtextpadding=&quot;39,0,0,0&quot; inset=&quot;4,4,4,4&quot; bkimage=&quot;file='bg.svg' corner='4,4,4,4'&quot; hole=&quot;false&quot; itemselectedbkcolor=&quot;0x0cee7f53&quot; itemselectedbordercolor=&quot;0x33ee7f53&quot;" />
  <Default name="MenuElement" value="width=&quot;210&quot; height=&quot;16&quot; text2_color=&quot;0xff000000&quot;"/>
  <Menu>
    <MenuElement name="pingjiaming" text="ひらかな" width="132"  checkitem="true" ischeck="false"/>
    <MenuElement name="qjpianjiaming" text="全角カタカナ" width="132"  checkitem="true" ischeck="false"/>
    <MenuElement name="qjyingshu" text="全角英数" width="132"  checkitem="true" ischeck="false"/>
    <MenuElement name="bjpianjiming" text="半角ｶﾀｶﾅ" width="132"  checkitem="true" ischeck="false"/>
    <MenuElement name="bjyingshu" text="半角英数" width="132"  checkitem="true" ischeck="false"/>
  </Menu>
</Window>