<?xml version="1.0" encoding="utf-8" standalone="yes" ?>
<Window size="285,30" minwidth="200" minheight="30" bkimage="skin2.svg,3,32,31,3" name="compWnd">
	<Font name="宋体" size="16"/> <!-- 0 -->
	<Font name="微软雅黑" size="8"/> <!-- 1 -->
	
	<Control name="compbk" bkimage="" minheight="0" padding="0,0,0,0" pos="0,0" visible="false" enablemove="true"/>
    	<Control name="candbk"  bkimage="" minheight="0" padding="0,0,0,0" pos="0,0" visible="false" enablemove="true"/>
	<CompString name="CompString" font="1" textcolor="0xff0364cd" margin="0,0,0,0" padding="0,0,0,0" minheight="0" visible="false" />
	<CandString name="CandString" font="0" focus_candString_color="0xffff0000" candString_color="0xff0083e4" candStringPressBgClr="0x260083e4" candStringPressTextClr="0xffff0000" margin="3,3,8,6"/>
	<!--<Control name="separator" bkcolor="0xffd8d8d8" visible="false"/>-->
	<!--<Caret name="caret" bkcolor="0xffff0000"/>-->
	<Button name="pageup" normalimage="ov_pageup_on1.svg" hotimage="ov_pageup_on2.svg" pushedimage="ov_pageup_on3.svg" disabledimage="ov_pageup_off1.svg" size="15,15" pos="0,3" padding="7,0,0,8"/>
	<Button name="pagedown" normalimage="ov_pagedown_on1.svg" hotimage="ov_pagedown_on2.svg" pushedimage="ov_pagedown_on3.svg" disabledimage="ov_pagedown_off1.svg" size="15,15" pos="22,3" padding="0,0,11,0"/>
	<!--<Control name="compLogo" size="28,28" pos="100,9"  bkimage="skin1_logo.svg" padding="0,1,1,0" />-->
</Window>
