<?xml version="1.0" encoding="utf-8" standalone="yes" ?>
<Window size="300,29" bkimage="bar.svg,20,3,2,2" name="statusWnd">
	<Font name="微软雅黑" size="24"/> <!-- 0 -->
	<Control name="logo" bkimage="logo1.svg" size="28,28" pos="0,0" visible="true" />
	<Button name="language" size="22,22" pos="29,4" />
	<Button name="jaOutCharType" size="22,22" pos="52,4" />
	<Button name="jaRomaKana" size="40,22" pos="75,4" />
	<Button name="punctuation" size="22,22" pos="116,4" />
	<Button name="pinyinwubi" size="22,22" pos="139,4"/>
	<Button name="handInput" normalimage="handinput1.svg" hotimage="handinput1_hover.svg" pushedimage="handinput1_press.svg" disabledimage="handinput1_disable.svg" size="22,22" pos="162,4"/>
	<Button name="rarewordMode" size="22,22" pos="185,4"/>
	<Button name="voiceInput" normalimage="voice1.svg" hotimage="voice1_hover.svg" pushedimage="voice1_press.svg" disabledimage="voice1_disable.svg" size="22,22" pos="208,4"/>
	<Button name="voiceControl" normalimage="voiceOperation.svg" hotimage="voiceOperation_hover.svg" pushedimage="voiceOperation_press.svg" disabledimage="voiceOperation_disable.svg" size="22,22" pos="231,4"/>
	<Button name="voiceTTS" normalimage="tts_normal.svg" hotimage="tts_hover.svg" pushedimage="tts_press.svg" disabledimage="tts_disable.svg" size="22,22" pos="254,4"/>
	<Button name="setting" normalimage="setting.svg" hotimage="setting_hover.svg" pushedimage="setting_press.svg" disabledimage="setting_disable.svg" size="22,22" pos="277,4"/>
	
</Window>
