<?xml version="1.0" encoding="utf-8" standalone="yes" ?>

 <Window name="aboutWnd" size="536,416" bkimage="bg.png,9,9,9,9"> 
	<Font name="微软雅黑" size="04"/> <!-- 0 -->
	<Font name="微软雅黑" size="09"/> <!-- 1 -->
	<Font name="微软雅黑" size="12"/> <!-- 2 -->
	<Font name="微软雅黑" size="16"/> <!-- 3 -->
	<Font name="微软雅黑" size="16" bold="true"/> <!-- 4 -->
	
	<Text text="关于" size="40,20" pos="25,16" textcolor="0xff222222" font="3"/>
	
	<Button name="closex"  
	normalimage="file='close.svg' source='0,0,30,28'" 
	hotimage="file='close.svg' source='30,0,60,28'" 
	pushedimage="file='close.svg' source='60,0,90,28'" 
	size="30,28" pos="496,10" />

	<Control name="logo" bkimage="logo.svg" size="78,78" pos="231,51"/>

	<Text name="sogouName" text="搜狗输入法Base版" size="536,30" pos="0,139" textcolor="0xff222222" font="4"/>
	<Text name="baseVer" text="版本： 0.0.0.0000" size="536,30" pos="0,162" textcolor="0xff222222" font="2" />
	
	<Text name="authInfoName" text="" size="536,12" pos="0,224" textcolor="0xff222222" font="2"/>
	<Text name="authInfo" text="授权信息：北京搜狗科技发展有限公司，已激活，xxxx年xx月xx日到期" size="536,12" pos="0,241" textcolor="0xff222222" font="2"/>
	
	<Text name="sogouCopyright" text="©2020 Sogou.com Inc.All rights reserved." size="536,16" pos="0,260" textcolor="0xB3222222" font="2"/>
	<Text name="treaty0" text="警告：本客户端程序受到著作权法和国际公约保护，未经授权擅自复制或传播本程序的部" size="536,16" pos="32,295" textcolor="0xB3222222" align="left" font="2"/>
	<Text name="treaty1" text="分或全部，可能受到严厉的民事及刑事制裁，并将在法律许可的范围内收到可能的起诉。" size="536,16" pos="32,313" textcolor="0xB3222222" align="left" font="2"/>
<!--	

	<Button name="checkupdate" text="检查更新(N)" textcolor="0xff222222"
	normalimage="file='button.png' source='0,0,1,30'" 
	hotimage="file='button.png' source='1,0,2,30'" 
	pushedimage="file='button.png' source='2,0,3,30'" 
	size="90,30" pos="30,326" font="2"/>
	
	打开 检查更新 按钮时 需要修改进入官网按钮的 pos="126,326"
-->	
	<Button name="sgurl" text="进入官网" textcolor="0xff222222"
	normalimage="file='button.svg' source='0,0,1,28'" 
	hotimage="file='button.svg' source='1,0,2,28'" 
	pushedimage="file='button.svg' source='2,0,3,28'" 
	size="90,28" pos="29,363" font="2"/>

	<Button name="importlicense" text="导入授权文件" textcolor="0xff222222"
	normalimage="file='button.svg' source='0,0,1,28'" 
	hotimage="file='button.svg' source='1,0,2,28'" 
	pushedimage="file='button.svg' source='2,0,3,28'" 
	size="90,28" pos="129,363" font="2" visible="false" />
	
	<Button name="closedlg" text="关闭" textcolor="0xff222222"
	normalimage="file='button.svg' source='0,0,1,28'" 
	hotimage="file='button.svg' source='1,0,2,28'" 
	pushedimage="file='button.svg' source='2,0,3,28'"  
	size="90,28" pos="418,363" font="2"/>
	
</Window>


