<?xml version="1.0" encoding="utf-8" standalone="yes" ?>
<Window size="540,255" bkimage="candidate_tab.svg" name="voiceDialogWnd">
	<Font name="微软雅黑" size="30"/> <!-- 0 -->
	<Font name="微软雅黑" size="27"/> <!-- 0 -->

	<Layout name="voicecontrolwakeupdialogline1" pos="0,0" size="540, 78" bkimage="voice_background.svg,1,1,1,1">
	    <Button name="voiceControlWakeUp_logo" normalimage="setting_popupview_logo.svg" size="38,38" pos="27,21" />
	    <Text text="语音操作唤醒" name="voiceControlWakeUpTitleText" size="180,38" pos="85,18" font="0" textcolor="0xff2c2e31" />
	</Layout>


	<Text text="唤醒语音操作" name="voiceControlWakeUpDialogText" size="180,38" pos="40,100" font="0" textcolor="0xff5f6267" />
	<Key name="voicecontrol_wakeup_switch" bkimage="trans.svg" normalimage="trans.svg" size="52,31" pos="451,106" fgimg="switch_off.svg" fg_pushedimage="switch_off.svg" fgsize="52,31" toggle="0" toggle_fgimg="switch_on.svg" toggle_fg_pushedimage="switch_on.svg"/>

	<Key name="voicecontrol_wakeup_cancel" text="取消" bkimage="trans.svg" normalimage="key_qwerty_inactive.svg,16,16,16,22" font="0" textcolor="0xff5f6267" text_rect="0,0,0,8" size="230,62" pos="28,165" />
	<Key name="voicecontrol_wakeup_ok" text="确定" bkimage="trans.svg" normalimage="key_qwerty_active.svg,16,16,16,22" font="0" textcolor="0xffffffff" text_rect="0,0,0,5" size="230,62" pos="280,165" />
</Window>
