<?xml version="1.0" encoding="utf-8"?>
<Window showshadow="false" bktrans="true">
  <Font id="0" name="微软雅黑" size="12" bold="false" default="true" />
  <Default name="Menu" value="menuItemHover=&quot;file='menuItem_hover.svg' corner='1,1,1,1'&quot; menuItemPress=&quot;file='menuItem_press.svg' corner='1,1,1,1'&quot; submenuhorizontalpadding=&quot;30&quot; indent=&quot;8&quot; iconTextPadding=&quot;8&quot; borderpadding=&quot;12,14,12,14&quot; expandiconsize=&quot;6,9&quot; checkiconsize=&quot;12,9&quot; rowspace=&quot;12&quot; iconsize=&quot;16,16&quot; shortkeycolor=&quot;0xff969696&quot; shortkeypadding=&quot;5&quot; expandicon=&quot;arrow.svg&quot; checkicon=&quot;check.svg&quot; itemtextpadding=&quot;39,0,0,0&quot; inset=&quot;4,4,4,4&quot; bkimage=&quot;file='bg.svg' corner='4,4,4,4'&quot; hole=&quot;false&quot; itemselectedbkcolor=&quot;0x0cee7f53&quot; itemselectedbordercolor=&quot;0x33ee7f53&quot;" />
  <Default name="MenuElement" value="width=&quot;210&quot; height=&quot;16&quot; text2_color=&quot;0xff000000&quot;"/>
  <Menu>
    <MenuElement text="属性设置" name="setting" iconnormal="setting_normal.svg"  iconhover="setting_hover.svg" shortkey="P" />
	<MenuElement text="输入法管理器" name="manager" iconnormal="management_normal.svg" iconhover="management_hover.svg" shortkey="G"/>
	<MenuElement text="符号大全" name="special_symbol" iconnormal="special_symbol_normal.svg" iconhover="special_symbol_hover.svg" shortkey="S"/>
	<MenuElement text="截屏" name="screenshot" iconnormal="screenshot_normal.svg" iconhover="screenshot_hover.svg" shortkey="C"/>
        <MenuElement text="全半角" name="fullshape" iconnormal="ban_normal.svg" iconhover="ban_hover.svg" shortkey="Q"/>
        <MenuElement text="生僻字输入" name="rarewords" iconnormal="normalwords_normal.svg" iconhover="normalwords_hover.svg" shortkey="R"/>
	<MenuElement text="英文输入" name="englishinput" iconnormal="en_normal.svg" iconhover="en_hover.svg" shortkey="E"/>
	<MenuElement text="简繁切换" name="jianfanswith" iconnormal="jian_normal.svg" iconhover="jian_hover.svg" shortkey="F" />	    
	<MenuElement text="语言选择" name="languageswitch" iconnormal="language_normal.svg" iconhover="language_hover.svg" shortkey="L" expland="true">
		<MenuElement name="noswith" text="不选择语言" width="122"  checkitem="true" ischeck="false"/>
		<MenuElement name="Arabic" text="阿拉伯语" width="122"  checkitem="true" ischeck="false"/>
		<MenuElement name="Bulgarian" text="保加利亚语" width="122"  checkitem="true" ischeck="false"/>
		<MenuElement name="Icelandic" text="冰岛语" width="122"  checkitem="true" ischeck="false"/>
		<MenuElement name="Polish" text="波兰语" width="122"  checkitem="true" ischeck="false"/>
		<MenuElement name="Persian" text="波斯语" width="122"  checkitem="true" ischeck="false"/>
		<MenuElement name="Danish" text="丹麦语" width="122"  checkitem="true" ischeck="false"/>
		<MenuElement name="German" text="德语" width="122"  checkitem="true" ischeck="false"/>
		<MenuElement name="Russian" text="俄语" width="122"  checkitem="true" ischeck="false"/>
		<MenuElement name="French" text="法语(法国)" width="122"  checkitem="true" ischeck="false"/>
		<MenuElement name="FrenchCA" text="法语(加拿大)" width="122"  checkitem="true" ischeck="false"/>
		<MenuElement name="Finnish" text="芬兰语" width="122"  checkitem="true" ischeck="false"/>
		<MenuElement name="Khmer" text="高棉语" width="122"  checkitem="true" ischeck="false"/>
		<MenuElement name="Korean" text="韩语" width="122"  checkitem="true" ischeck="false"/>
		<MenuElement name="Czech" text="捷克语" width="122"  checkitem="true" ischeck="false"/>
		<MenuElement name="Croatian" text="克罗地亚语" width="122"  checkitem="true" ischeck="false"/>
		<MenuElement name="Lao" text="老挝语" width="122"  checkitem="true" ischeck="false"/>
		<MenuElement name="Romanian" text="罗马尼亚语" width="122"  checkitem="true" ischeck="false"/>
		<MenuElement name="Mongolian" text="蒙古语(西里尔)" width="122"  checkitem="true" ischeck="false"/>
		<MenuElement name="Norwegian" text="挪威语" width="122"  checkitem="true" ischeck="false"/>
		<MenuElement name="Portuguese" text="葡萄牙语" width="122"  checkitem="true" ischeck="false"/>
		<MenuElement name="Japanese" text="日语" width="122"  checkitem="true" ischeck="false"/>
		<MenuElement name="Swedish" text="瑞典语" width="122"  checkitem="true" ischeck="false"/>
		<MenuElement name="SerbianLAT" text="塞尔维亚语(拉丁)" width="122"  checkitem="true" ischeck="false"/>
		<MenuElement name="Slovak" text="斯洛伐克语" width="122"  checkitem="true" ischeck="false"/>
		<MenuElement name="Thai" text="泰语" width="122"  checkitem="true" ischeck="false"/>
		<MenuElement name="Spanish" text="西班牙语" width="122"  checkitem="true" ischeck="false"/>
		<MenuElement name="Greek" text="希腊语" width="122"  checkitem="true" ischeck="false"/>
		<MenuElement name="Hungarian" text="匈牙利语" width="122"  checkitem="true" ischeck="false"/>
		<MenuElement name="Italian" text="意大利语" width="122"  checkitem="true" ischeck="false"/>
		<MenuElement name="Hindi" text="印地语" width="122"  checkitem="true" ischeck="false"/>
		<MenuElement name="Tibetan" text="藏语" width="122"  checkitem="true" ischeck="false"/>
	</MenuElement>
	<MenuElement text="隐藏状态栏" name="hidestatus" iconnormal="conceal_normal.svg" iconhover="conceal_hover.svg" shortkey="Y" />
	<MenuElement text="关于搜狗" name="aboutsogou" iconnormal="about_normal.svg" iconhover="about_hover.svg" shortkey="A" expland="true">
		<MenuElement name="officialweb" text="官方网站" width="144" shortkey="W"/>
        <MenuElement name="about" text="关于" width="144"  shortkey="A"/>
		<MenuElement name="feedback" text="意见反馈" width="144"  shortkey="K"/>
	</MenuElement >	
  </Menu>
</Window>
