<?xml version="1.0" encoding="utf-8" standalone="yes" ?>
<Window size="360,268" bkimage="bg.svg,11,11,11,11" name="SettingWnd">
	<Font name="微软雅黑" size="12"/> <!-- 0 -->
	<Font name="微软雅黑" size="12" bold="true" /> <!-- 1 -->
	<Font name="微软雅黑" size="16"/> <!-- 2 -->
	<Font name="微软雅黑" size="18"/> <!-- 3 -->

	<Button name="logo" normalimage="file='logo.svg'" size="21,21" pos="20,16" />
	<Text text="手写设置" size="10,20" autofixW="true" pos="48,16" textcolor="0xff222222" font="2"/>
	<Button name="Close"
	normalimage="file='close_normal.svg' corner='2,2,2,2'"
	hotimage="file='close_hover.svg' corner='2,2,2,2'"
	pushedimage="file='close_push.svg' corner='2,2,2,2'" size="30,28" pos="318,12" />
		
	<Text text="笔迹设置" name="handwritingStyleLabel" size="49,13" pos="31,51" font="1" textcolor="0xff222222" />
	<Control name="dividing_line1" bkimage="dividing_line_h.svg" size="240,1" pos="89,57" />
	<Text text="颜色" name="strokeColorLabel" size="49,13" pos="31,80" font="0" textcolor="0xff222222" align="left" />
	<Button name="strokeColor0" bkcolor="0xff59595b" normalcolor="0xff59595b" hovercolor="0xff59595b" pressedcolor="0xff59595b"
	disablecolor="0xff59595b" size="20,11" pos="65,81" 
	fg_selectimage="colorButton_select.svg" fg_hoverimage="colorButton_hover.svg" fgsize="26,17" />
	<Button name="strokeColor1" bkcolor="0xffc01815" normalcolor="0xffc01815" hovercolor="0xffc01815" pressedcolor="0xffc01815"
	disablecolor="0xffc01815" size="20,11" pos="93,81" 
	fg_selectimage="colorButton_select.svg" fg_hoverimage="colorButton_hover.svg" fgsize="26,17" />
	<Button name="strokeColor2" bkcolor="0xff915728" normalcolor="0xff915728" hovercolor="0xff915728" pressedcolor="0xff915728"
	disablecolor="0xff915728" size="20,11" pos="121,81" 
	fg_selectimage="colorButton_select.svg" fg_hoverimage="colorButton_hover.svg" fgsize="26,17" />
	<Button name="strokeColor3" bkcolor="0xffe2a501" normalcolor="0xffe2a501" hovercolor="0xffe2a501" pressedcolor="0xffe2a501"
	disablecolor="0xffe2a501" size="20,11" pos="149,81" 
	fg_selectimage="colorButton_select.svg" fg_hoverimage="colorButton_hover.svg" fgsize="26,17" />
	<Button name="strokeColor4" bkcolor="0xff619f23" normalcolor="0xff619f23" hovercolor="0xff619f23" pressedcolor="0xff619f23"
	disablecolor="0xff619f23" size="20,11" pos="177,81" 
	fg_selectimage="colorButton_select.svg" fg_hoverimage="colorButton_hover.svg" fgsize="26,17" />
	<Button name="strokeColor5" bkcolor="0xfff08443" normalcolor="0xfff08443" hovercolor="0xfff08443" pressedcolor="0xfff08443"
	disablecolor="0xfff08443" size="20,11" pos="205,81" 
	fg_selectimage="colorButton_select.svg" fg_hoverimage="colorButton_hover.svg" fgsize="26,17" />
	<Button name="strokeColor6" bkcolor="0xff99509f" normalcolor="0xff99509f" hovercolor="0xff99509f" pressedcolor="0xff99509f"
	disablecolor="0xff99509f" size="20,11" pos="233,81" 
	fg_selectimage="colorButton_select.svg" fg_hoverimage="colorButton_hover.svg" fgsize="26,17" />
	<Button name="strokeColor7" bkcolor="0xff45a1e2" normalcolor="0xff45a1e2" hovercolor="0xff45a1e2" pressedcolor="0xff45a1e2"
	disablecolor="0xff45a1e2" size="20,11" pos="261,81" 
	fg_selectimage="colorButton_select.svg" fg_hoverimage="colorButton_hover.svg" fgsize="26,17" />
	
	<Text text="粗细" name="strokeLineWidthLabel" size="49,13" pos="31,111" font="0" textcolor="0xff222222" align="left" />
	
	<Button name="btn_listShow" bkcolor="0xff59595b" normalcolor="0xff59595b" hovercolor="0xff59595b" pressedcolor="0xff59595b"
	fgimg="listShow1.svg" fg_selectimage="listShow_hover1.svg" fg_hoverimage="listShow_hover1.svg" fgsize="98,20" size="98,20" pos="64,108" />
	<Button name="btn_listShow_arrow" normalimage="file='arrow_default.svg'" hotimage="file='arrow_hover.svg'"
	pushedimage="file='arrow_click.svg'" disabledimage="file='arrow_disable.svg'" size="9,5" pos="148,116" />
	<List name="strokeLineWidth" pos="64,127" size="98,56" font="0" itemCnt="3" enableselected="false" align="left" 
		bkimage="list_normal.svg,7,7,7,7" hotimage="list_hover.svg,7,7,7,7" direct="vertical" cell_size="98,18" text_rect_offset="10,0,0,0" cellpadding="1,1,1,1" space="0" 
		 item_minwidth="98" item_widthAutoFit="false" item_heightAutoFit="false" item_textfont="1" 
		item_fgpos="1,0" item_fgsize="96,18"
		visible="false" />
	
	<Text text="抬笔上屏" name="handwritingStyleLabel" size="49,13" pos="31,152" font="1" textcolor="0xff222222" />
	<Control name="dividing_line2" bkimage="dividing_line_h.svg" size="240,1" pos="89,158" />
	
	<Button name="btn_enableAutoOutput" normalimage="file='check_default.svg'" hotimage="file='check_hover.svg'"
	pushedimage="file='check_click.svg'" disabledimage="file='check_disable.svg'" size="13,13" pos="33,181" />
	<Text text="开启" name="enableAutoOutputlabel" size="49,13" pos="52,181" font="0" textcolor="0xff222222" align="left" />
	<Button name="delayOutputLabel" text="延时" font="0" textcolor="0xff222222"	disabledtextcolor="0x80222222"
	normalimage="file='button_normal_without_border.svg' corner='2,2,2,2'"
	disabledimage="file='button_normal_without_border.svg' corner='2,2,2,2'"
	size="49,13" pos="92,181" align="left"/>
	<Button name="btn_listShow_delayOutput" normalimage="file='list_button_normal.svg' corner='2,2,2,2'"
	hotimage="file='button_hover.svg' corner='2,2,2,2'"	pushedimage="file='button_hover.svg' corner='2,2,2,2'"
	disabledimage="file='button_disable.svg' corner='2,2,2,2'" text="0.5 秒" text_rect_offset="5,0,0,0" align="left"
	font="0" textcolor="0xff222222" size="62,20" pos="122,178" />
	<Button name="btn_listShow_delayOutput_arrow" normalimage="file='arrow_default.svg'" hotimage="file='arrow_hover.svg'"
	pushedimage="file='arrow_click.svg'" disabledimage="file='arrow_disable.svg'" size="9,5" pos="170,186" />
	<List name="delayOutputTime" pos="122,197" size="62,60" font="0" itemCnt="3" enableselected="false" align="left"
	bkimage="list_normal.svg,7,7,7,7"  hotimage="list_hover.svg,7,7,7,7" direct="vertical" cell_size="60,18" text_rect_offset="4,0,0,0" cellpadding="1,2,1,2" space="1" 
	item_textcolor="0xff000000" selecttextcolor="0xff000000"
	item_minwidth="199" item_widthAutoFit="false" item_heightAutoFit="false" item_textfont="0" 
	item_normalimage="file='listItem.svg' source='0,0,5,5'" 
	item_hotimage="file='listItem.svg' source='5,0,10,5' corner='2,2,2,2'"
	item_checkedhotimage="file='listItem.svg' source='5,0,10,5' corner='2,2,2,2'" 
	item_pushedimage="file='listItem.svg' source='10,0,15,5' corner='2,2,2,2'" visible="true" />
	
	<Button name="restore" 	normalimage="file='button_normal_without_border.svg' corner='2,2,2,2'" text="恢复默认" font="0" textcolor="0xff0078d7"
	hovertextcolor="0xff0065b8" pushtextcolor="0xff0065b8" size="50,15" pos="31,230" />
	
	<Button name="comfirm" 	normalimage="file='button_normal.svg' corner='2,2,2,2'"
	hotimage="file='button_hover_confirm.svg' corner='2,2,2,2'"
	pushedimage="file='button_press_confirm.svg' corner='2,2,2,2'"
	disabledimage="file='button_disable.svg' corner='2,2,2,2'" text="确定" font="0" textcolor="0xff000000" size="90,24" pos="249,223" />
</Window>
