<?xml version="1.0" encoding="utf-8" standalone="yes" ?>
<Window size="540,255" bkimage="candidate_tab.svg" name="voiceDialogWnd">
	<Font name="微软雅黑" size="30"/> <!-- 0 -->
	<Font name="微软雅黑" size="27"/> <!-- 0 -->

	<Layout name="voicecontrolclosedialogline1" pos="0,0" size="540, 78" bkimage="voice_background.svg,1,1,1,1">
	    <Button name="voiceControlClose_logo" normalimage="setting_popupview_logo.svg" size="38,38" pos="27,21" />
	    <Text text="关闭语音操作" name="voiceControlCloseTitleText" size="180,38" pos="85,18" font="0" textcolor="0xff2c2e31" />
	</Layout>

	<Text text="是否关闭语音操作功能" name="voiceControlCloseDialogText" size="320,38" pos="50,100" font="0" textcolor="0xff5f6267" />

	<Key name="voicecontrol_close_cancel" text="保持开启" bkimage="trans.svg" normalimage="key_qwerty_inactive.svg,16,16,16,22" font="0" textcolor="0xff5f6267" text_rect="0,0,0,8" size="230,62" pos="28,165" />
	<Key name="voicecontrol_close_ok" text="确定" bkimage="trans.svg" normalimage="key_qwerty_active.svg,16,16,16,22" font="0" textcolor="0xFFFFFFFF" text_rect="0,0,0,5" size="230,62" pos="280,165" />
</Window>
