<?xml version="1.0" encoding="utf-8" standalone="yes" ?>
<Window size="320,260" bkimage="bg.svg" name="voiceAssitantWnd">
	<Font name="微软雅黑" size="16"/> <!-- 0 -->
	<Font name="微软雅黑" size="14"/> <!-- 1 -->
	<Font name="微软雅黑" size="12"/> <!-- 2 -->
	
	<Button name="logo" normalimage="file='logo.svg'" size="21,21" pos="20,16" />
	<Text text="语音助手" name="Title" size="64,18" pos="46,17" font="1" textcolor="0xff000000" />
	<Button name="close" normalimage="close-default.svg" hotimage="close-hover.svg"	pushedimage="close-click.svg"
	disabledimage="close-disable.svg" size="34,34" pos="276,10" />
	<Button name="status" normalimage="file='off.png'" size="80,80" pos="120,48" />
	<Text text="" name="textShowItem" size="248,16" pos="36, 140" font="1" textcolor="0xff000000" visible="false" />
	<Text text="" name="textShowTips" size="248,16" pos="36, 140" font="1" textcolor="0x40000000" visible="false" />
	<Button name="TextMaskLayer" normalimage="file='textMaskLayer.svg'" size="298,22" pos="11,120" />
	<Button name="volume_wave_bg" normalimage="file='volume_wave_bg.png'" size="250,20" pos="36,210" />
	<Voicewave name="volume_wave_left" size="220, 20" pos="53,210" countshow="27" type="1" sepwidth="6" minHeight="4" waveimg="soundSpot.png,1,1,1,1" />
</Window>
