<?xml version="1.0" encoding="utf-8" standalone="yes" ?>
<Window size="285,56" minwidth="285" minheight="56" bkimage="skin1.svg,4,4,4,4" name="compWnd">
	<Font name="宋体" size="16"/> <!-- 0 -->
	<Font name="微软雅黑" size="16"/> <!-- 1 -->
	
	<Control name="compbk" bkimage="" minheight="27" padding="0,0,0,0" pos="0,0" visible="true" enablemove="true"/>
    <Control name="candbk" bkimage="" minheight="28" padding="0,0,0,0" pos="0,28" visible="true" enablemove="true"/>
	<CompString name="CompString" font="1" textcolor="0xffffffff" margin="2,2,12,6" minheight="27"/>
	<CandString name="CandString" font="0" focus_candString_color="0xff06c9ff" candString_color="0xffffffff" candStringPressBgClr="0x8006c9ff" candStringPressTextClr="0x8006c9ff" margin="3,3,8,6"/>
	<Control name="separator" bkcolor="0xffd8d8d8" visible="false"/>
	<Caret name="caret" bkcolor="0xff06c9ff"/>
	<Button name="pageup" normalimage="ov_pageup_on1.svg" hotimage="ov_pageup_on2.svg" pushedimage="ov_pageup_on3.svg" disabledimage="ov_pageup_off1.svg" size="15,15" pos="29,3" padding="7,0,0,8"/>
	<Button name="pagedown" normalimage="ov_pagedown_on1.svg" hotimage="ov_pagedown_on2.svg" pushedimage="ov_pagedown_on3.svg" disabledimage="ov_pagedown_off1.svg" size="15,15" pos="51,3" padding="0,0,11,0"/>
	<Control name="compLogo" size="28,28" pos="260,10"  bkimage="logo1.svg" padding="0,2,2,0" />
</Window>
