<?xml version="1.0" encoding="utf-8" standalone="yes" ?>
<Window size="540,480" bkimage="candidate_tab.svg" name="voiceDialogSettingWnd">
	<Font name="微软雅黑" size="30"/> <!-- 0 -->
	<Font name="微软雅黑" size="27"/> <!-- 0 -->

	<Layout name="voicecttssettingdialogline1" pos="0,0" size="540, 78" bkimage="voice_background.svg,1,1,1,1">
	    <Button name="voiceTTS_Setting_logo" normalimage="setting_popupview_logo.svg" size="38,38" pos="27,21" />
	    <Text text="播放设置" name="voiceTTSSettingTitleText" size="162,38" pos="80,18" font="0" textcolor="0xff2c2e31" />
	</Layout>

	<Text text="音量" name="voiceTTSSettingDialogText1" size="54,36" pos="30,100" font="1" textcolor="0xff5f6267" />
	<Button name="voiceTTS_Setting_volumemin" normalimage="volume_min.svg" size="15,20" pos="30,166" />
	<Slider name="voiceTTS_Setting_volumeprogress" direct="horizon" bkcolor="0xffffffff" bkimage="progress_normal.svg" normalimage="progress_normal.svg" pushedimage="progress_normal.svg" foreimage="progress_select.svg" thumbimage="progressbar.svg" thumbsize="38,38" thumbstep="1" progress_min="0" progress_max="100" progress_value="0" size="390,7" pos="80,173" />
	<Button name="voiceTTS_Setting_volumemax" normalimage="volume_max.svg" size="22,20" pos="490,166" />
	<Text text="语速" name="voiceTTSSettingDialogText2" size="54,36" pos="30,255" font="1" textcolor="0xff5f6267" />
	<Text text="慢" name="voiceTTS_Setting_speedmin" bkimage="trans.svg" normalimage="trans.svg" pushedimage="trans.svg" font="0" size="30,38" pos="30,312" />
	<Slider name="voiceTTS_Setting_speedprogress" direct="horizon" bkcolor="0xffffffff" bkimage="progress_normal.svg" normalimage="progress_normal.svg" pushedimage="progress_normal.svg" foreimage="progress_select.svg" thumbimage="progressbar.svg" thumbsize="38,38" thumbstep="1" progress_min="0" progress_max="100" progress_value="0" size="390,7" pos="80,330" />
	<Text text="快" name="voiceTTS_Setting_speedmax" bkimage="trans.svg" normalimage="trans.svg" pushedimage="trans.svg" font="0" size="30,38" pos="490,312" />
	<Key name="voicetts_setting_ok" text="确定" bkimage="trans.svg" normalimage="key_qwerty_active.svg,16,16,16,22" font="0" textcolor="0xFFFFFFFF"  size="485,62" pos="28,405" />
</Window>
