<?xml version="1.0" encoding="utf-8"?>

<Window name="keyboard_base" size="1920,486" bkimage="main_wnd_bg.svg,3,3,3,3">
  <Font name="微软雅黑" size="49"/>  
  <!-- 0    24-->  
  <Font name="微软雅黑" size="44"/>  
  <!-- 1    22-->  
  <Font name="微软雅黑" size="40"/>
  <!-- 2    22--> 
  <Font name="微软雅黑" size="39"/>  
  <!-- 3    20-->  
  <Font name="微软雅黑" size="34"/>
  <!-- 4 	19-->  
  <Font name="微软雅黑" size="32"/>  
  <!-- 5 	18-->  
  <Font name="微软雅黑" size="28"/>  
  <!-- 6 	17-->  
  <Font name="微软雅黑" size="26"/>  
  <!-- 7  	16-->  
  <Font name="微软雅黑" size="24"/>  
  <!-- 8  	14 -->  
  <Font name="微软雅黑" size="20"/>  
  <!-- 9  	12 -->  
  <Font name="微软雅黑" size="19"/>  
  <!-- 10  	11 -->  
  <GlobalSetting name="GlobalSetting" productname="base" commit_keyboard_switch="true" support_fullscreen_hw="true" support_cloudinput="false" support_voiceinput="true" support_clearandreset_convert="true" toastfont="5"/>  
  <Default name="Key" value="normalimage=&quot;key_qwerty.svg,10,10,10,10&quot; pushedimage=&quot;key_qwerty_pushed.svg,10,10,10,10&quot; size=&quot;142,94&quot; font=&quot;1&quot; text_rect=&quot;0,0,0,0&quot; text_rect_offset=&quot;0,0,0,0&quot;    textcolor=&quot;0xFF525252&quot; text2_font=&quot;3&quot; text2_rect=&quot;110,8,13,24&quot; text2_color=&quot;0xffa9a9a9&quot;"/>
  <Style name="s_toolsBar_key" value="bkimage=&quot;trans.svg&quot; size=&quot;270,75&quot; fgsize=&quot;50,50&quot; text_rect_offset=&quot;0,0,0,0&quot; textcolor=&quot;0xFF525252&quot; normalimage=&quot;trans.svg&quot; pushedimage=&quot;btn_no_shadow_pushed.svg,3,3,3,3'&quot; fgimg_stretch_align=&quot;hcenter&quot;"/>
  <Style name="s_function_key" value="normalimage=&quot;key_func_qwerty.svg,10,10,10,10&quot; pushedimage=&quot;key_func_qwerty_pushed.svg,10,10,10,10&quot; size=&quot;108,81&quot; text_rect_offset=&quot;0,0,0,0&quot; font=&quot;1&quot; fgimg_stretch_align=&quot;hcenter&quot;"/>
  <Style name="s_py9_key" value="bkimage=&quot;key_qwerty.svg,10,10,10,10&quot; pushedimage=&quot;key_qwerty_pushed.svg,10,10,10,10&quot; size=&quot;213,73&quot; textcolor=&quot;0xFF525252&quot; text_rect_offset=&quot;0,0,0,0&quot; font=&quot;3&quot;"/>
  <Style name="s_switch_keyboard_key" value="normalimage=&quot;trans.svg&quot; bkcolor=&quot;0x00000000&quot; hotcolor=&quot;0x00000000&quot; pushedimage=&quot;buttonbg_float_function_pressed.svg,7,7,7,7&quot; checkedpushimage=&quot;buttonbg_float_function_pressed.svg,7,7,7,7&quot; fgsize=&quot;45,45&quot; textcolor=&quot;0xFF8F8F8F&quot; text_rect_offset=&quot;0,0,0,0&quot; font=&quot;2&quot;"/>
  <Style name="s_settings_key" value="normalimage=&quot;trans.svg&quot; bkcolor=&quot;0x00000000&quot; hotcolor=&quot;0x00000000&quot; pushedimage=&quot;buttonbg_float_function_pressed.svg,7,7,7,7&quot; fgsize=&quot;45,45&quot; textcolor=&quot;0xFF8F8F8F&quot; text_rect_offset=&quot;0,0,0,0&quot; font=&quot;2&quot;"/>
  <Style name="s_direction_key" value="bkimage=&quot;trans.svg&quot; size=&quot;84,63&quot; fgsize=&quot;33,33&quot; text_rect_offset=&quot;0,0,0,0&quot; textcolor=&quot;0xFF525252&quot; normalimage=&quot;trans.svg&quot; pushedimage=&quot;buttonbg_float_function_pressed.svg,7,7,7,7'&quot; enablemove=&quot;true&quot; fgimg_stretch_align=&quot;hcenter&quot;" />
  <Style name="small_key_pad" value="normalimage=&quot;key_qwerty.svg,10,10,10,10&quot; pushedimage=&quot;key_qwerty_pushed.svg,10,10,10,10&quot; size=&quot;136,88&quot; textcolor=&quot;0xFF525252&quot; text_rect_offset=&quot;0,0,0,0&quot; font=&quot;1&quot; text_rect=&quot;0,0,0,0&quot;"/>
  <DataSource name="Symbols" type="gridData" source="sogou_symbols.xml"/>  
  <DataSource name="PY9Symbols" source="sogou_py_symbols.xml"/>  
  <DataSource name="NumberSymbols" source="sogou_number_symbols.xml"/>  
  <!-- ControlBar And CandidatesWnd -->  
  <Tab name="CandsOrToolsBar" default="ToolsBar" size="1920,76" pos="0,0"> 
    <Layout name="ToolsBar" pos="1,0" size="1918,76" bkimage="candidate_bg.svg" self_adjust_flag="true" self_adjust_size="2,0"> 
      <Key function="toggle_switch" permission="allow" name="toolsbarsetting" style="s_toolsBar_key" enablemove="true" pos="0,1" fgimg="ime_function_logo_normal.svg" fg_pushedimage="ime_function_logo_pushed.svg" target_keyboard_layout="Keyboard_setting"/>
      <Key function="toggle_switch" permission="allow" name="toolsbarswitch" style="s_toolsBar_key" enablemove="true" pos="270,1" fgsize="54,54" fgimg="ime_function_switch_normal.svg" fg_pushedimage="ime_function_switch_pushed.svg" target_keyboard_layout="Keyboard_switch"/>  
	  <Key function="toggle_switch" permission="allow" name="toolsbarhandwrite" style="s_toolsBar_key" enablemove="true" pos="540,1" fgsize="54,54" fgimg="ime_function_handwrite.svg" fg_pushedimage="ime_function_handwrite_pushed.svg" target_keyboard_layout="Keyboard_handInput_Half"/>  
	  <Key function="toggle_switch" permission="allow" name="toolsbarvoice" style="s_toolsBar_key" enablemove="true" pos="810,1" fgsize="54,54" fgimg="ime_function_voice.svg" fg_pushedimage="ime_function_voice_p.svg" target_keyboard_layout="Keyboard_voice"/>
	  <Key function="toggle_switch" permission="allow" name="toolsbardirection" style="s_toolsBar_key" enablemove="true" pos="1080,1" fgimg="ime_function_move_normal.svg" fg_pushedimage="ime_function_move_p.svg" target_keyboard_layout="Keyboard_direction"/>    
      <Key name="toolsbarsplite" bkimage="toolsbar_splitline.svg,1,20,0,20" size="1,64" pos="1702,11" style="s_toolsBar_key"/>
      <Key function="hide" name="toolsbarhide" style="s_toolsBar_key" enablemove="true" pos="1703,0" size="215,75" fgpos="82,13" fgimg="btn_hide_keyboard.svg" fg_pushedimage="btn_hide_keyboard_pushed.svg"/>
    </Layout>  
    <Layout name="CandidateWnd" pos="1,0" size="1918,76" bkimage="candidate_bg.svg" self_adjust_flag="true" self_adjust_size="2,0"> 
      <List name="Candidates" pos="0,0" size="1820,75" bkimage="trans.svg" font="3" maxwidth="1820" pushedimage="key_qwerty_pushed.svg,10,10,10,10" selecttextcolor="0xFFFF642B" direct="horizon" cell_size="80,76" text_rect_offset="0,0,0,0" cellpadding="0,0,30,0" item_fgsize="15,15" item_widthAutoFit="true" item_correctimg="correctmark.svg" item_correctselectimg="correctmarkh.svg" item_cloudimg="cloud_correct.svg" item_cloudselectimg="cloud_correct_h.svg" item_heightAutoFit="false" item_minwidth="20" enableselected="true" item_textfont="2" item_textcolor="0xFF616161" item_hotcolor="0xFF616161" item_pushedcolor="0xFF616161" min_textfontsize="20" max_textfontsize="40" sep_size="0,0" sep_color="0x00000000" support_move="true" item_bkcolor="0xFF24364A" item_normalimage="file='candidate_bg.svg'" item_hotimage="btn_no_shadow_pushed.svg,3,3,3,3" item_pushedimage="candidate_bg.svg'" item_checkedhotimage="btn_no_shadow_pushed.svg,3,3,3,3"/>
      <Key name="candidatesplite" bkimage="toolsbar_splitline.svg,1,20,0,20" size="1,70" pos="1822,11" style="s_toolsBar_key"/>
      <Key function="direct_switch" permission="allow" name="MoreCandidates" style="s_toolsBar_key" size="95,75" pos="1823,0" disabledimage="candidate_bg.svg" fgsize="33,33" fgimg="btn_morecand.svg" fg_pushedimage="btn_morecand.svg" fg_disabledimage="btn_morecand_disabled.svg" target_keyboard_layout="keyboard_moreCand"/>
      <Key name="closeAssociate" style="s_toolsBar_key" bkimg="trans.svg" size="95,75" pos="1823,0" fgimg="btn_close_association.svg" fgsize="37,37" fg_pushedimage="btn_close_association.svg"/>
    </Layout> 
  </Tab>  
  <!-- Keyboard layout -->  
  <Tab name="Keyboards" default="Keyboard_py26" size="1920, 486" pos="0,0" new_switch_logic_enabled="true" temporary_persistence_enabled_list="Keyboard_en26_UP,Keyboard_number,Keyboard_number_en" persistence_enabled_list="Keyboard_py26,Keyboard_py9,Keyboard_bihua,Keyboard_wubi,Keyboard_en26,Keyboard_handInput_Half,Keyboard_handInput_Full" chinese_list="Keyboard_py26,Keyboard_py9,Keyboard_bihua,Keyboard_wubi" english_list="Keyboard_en26,Keyboard_en26_temp_UP,Keyboard_en26_UP" handwriting_list="Keyboard_handInput_Half,Keyboard_handInput_Full" tool_bar_list="Keyboard_setting,Keyboard_switch,Keyboard_voice"> 
    <!-- Pinyin26 keyboard -->  
    <Layout name="Keyboard_py26" size="1920,486" pos="0,76" equivalent_list_name="chinese_list"> 
      <!-- First keyboard line -->  
      <Layout name="py26line1" pos="0,10" size="1920,94"> 
        <Key name="py26q" text="Q" unicode_ascii="q" pos="9,0"   text2="1" text2_font="9" text2_rect="110,8,13,24" text2_color="0xFFA9A9A9" longpress="true" longpress_text="1,Q,q" longpress_sel_index="0"/>  
        <Key name="py26w" text="W" unicode_ascii="w" pos="155,0" text2="2" text2_font="9" text2_rect="110,8,13,24" text2_color="0xFFA9A9A9" longpress="true" longpress_text="W,2,w" longpress_sel_index="1"/>  
        <Key name="py26e" text="E" unicode_ascii="e" pos="301,0" text2="3" text2_font="9" text2_rect="110,8,13,24" text2_color="0xFFA9A9A9" longpress="true" longpress_text="E,3,e" longpress_sel_index="1"/>  
        <Key name="py26r" text="R" unicode_ascii="r" pos="447,0" text2="4" text2_font="9" text2_rect="110,8,13,24" text2_color="0xFFA9A9A9" longpress="true" longpress_text="R,4,r" longpress_sel_index="1"/>  
        <Key name="py26t" text="T" unicode_ascii="t" pos="593,0" text2="5" text2_font="9" text2_rect="110,8,13,24" text2_color="0xFFA9A9A9" longpress="true" longpress_text="T,5,t" longpress_sel_index="1"/>  
        <Key name="py26y" text="Y" unicode_ascii="y" pos="739,0" text2="6" text2_font="9" text2_rect="110,8,13,24" text2_color="0xFFA9A9A9" longpress="true" longpress_text="Y,6,y" longpress_sel_index="1"/>  
        <Key name="py26u" text="U" unicode_ascii="u" pos="885,0" text2="7" text2_font="9" text2_rect="110,8,13,24" text2_color="0xFFA9A9A9" longpress="true" longpress_text="U,7,u" longpress_sel_index="1"/>  
        <Key name="py26i" text="I" unicode_ascii="i" pos="1031,0" text2="8" text2_font="9" text2_rect="110,8,13,24" text2_color="0xFFA9A9A9" longpress="true" longpress_text="I,8,i" longpress_sel_index="1"/>  
        <Key name="py26o" text="O" unicode_ascii="o" pos="1177,0" text2="9" text2_font="9" text2_rect="110,8,13,24" text2_color="0xFFA9A9A9" longpress="true" longpress_text="O,9,o" longpress_sel_index="1"/>  
        <Key name="py26p" text="P" unicode_ascii="p" pos="1323,0" text2="0" text2_font="9" text2_rect="110,8,13,24" text2_color="0xFFA9A9A9" longpress="true" longpress_text="p,P,0" longpress_sel_index="2"/>
		<Key name="py26_1" key_process_mode="directOrKeySymbolConvert" unicode_ascii="1" text="1" output="1" pos="1477,0"/>
	    <Key name="py26_2" key_process_mode="directOrKeySymbolConvert" unicode_ascii="2" text="2" output="2" pos="1623,0"/>
		<Key name="py26_3" key_process_mode="directOrKeySymbolConvert" unicode_ascii="3" text="3" output="3" pos="1769,0"/>		
      </Layout>  
      <!-- Second keyboard line -->  
      <Layout name="py26line2" pos="0,110" size="1920,94"> 
        <Key name="py26a" text="A" unicode_ascii="a" pos="82,0"  text2="~" text2_font="9" longpress="true" longpress_text="~,A,a" longpress_sel_index="0"/>  
        <Key name="py26s" text="S" unicode_ascii="s" pos="228,0" text2="！"  text2_font="9"  longpress="true" longpress_text="S,！,s" longpress_sel_index="1"/>  
        <Key name="py26d" text="D" unicode_ascii="d" pos="374,0" text2="@"   text2_rect="108,8,17,24" text2_font="9"  longpress="true" longpress_text="D,@,d" longpress_sel_index="1"/>  
        <Key name="py26f" text="F" unicode_ascii="f" pos="520,0" text2="#"   text2_rect="108,8,17,24" text2_font="9"  longpress="true" longpress_text="F,#,f" longpress_sel_index="1"/>  
        <Key name="py26g" text="G" unicode_ascii="g" pos="666,0" text2="%"   text2_rect="108,8,17,24" text2_font="9"  longpress="true" longpress_text="G,%,g" longpress_sel_index="1"/>  
        <Key name="py26h" text="H" unicode_ascii="h" pos="812,0" text2="“"   text2_rect="108,8,17,24" text2_font="9"  longpress="true" longpress_text="H,“,h" longpress_sel_index="1"/>  
        <Key name="py26j" text="J" unicode_ascii="j" pos="958,0" text2="”"   text2_rect="108,8,17,24" text2_font="9"  longpress="true" longpress_text="J,”,j" longpress_sel_index="1"/>  
        <Key name="py26k" text="K" unicode_ascii="k" pos="1104,0" text2="*"  text2_rect="108,8,17,24" text2_font="9"  longpress="true" longpress_text="K,*,k" longpress_sel_index="1"/>  
        <Key name="py26l" text="L" unicode_ascii="l" pos="1250,0" text2="？" text2_rect="108,8,17,24" text2_font="9" longpress="true" longpress_text="l,L,？" longpress_sel_index="2"/> 
		<Key name="py26_4" key_process_mode="directOrKeySymbolConvert" unicode_ascii="4" text="4" output="4" pos="1477,0"/>
	    <Key name="py26_5" key_process_mode="directOrKeySymbolConvert" unicode_ascii="5" text="5" output="5" pos="1623,0"/>
		<Key name="py26_6" key_process_mode="directOrKeySymbolConvert" unicode_ascii="6" text="6" output="6" pos="1769,0"/>
      </Layout>  
      <!-- Third keyboard line -->  
      <Layout name="py26line3" pos="0,210" size="1920,94"> 
        <Key text="分词" name="py26fenci" unicode_ascii="'" size="215,94" pos="9,0" style="s_function_key"/>  
        <Key name="py26z" text="Z" unicode_ascii="z" pos="228,0" text2="（" text2_font="9" longpress="true" longpress_text="Z,（,z" longpress_sel_index="1"/>  
        <Key name="py26x" text="X" unicode_ascii="x" pos="374,0" text2="）" text2_font="9" longpress="true" longpress_text="X,）,x" longpress_sel_index="1"/>  
        <Key name="py26c" text="C" unicode_ascii="c" pos="520,0" text2="-" text2_font="9"  longpress="true" longpress_text="C,-,c" longpress_sel_index="1"/>  
        <Key name="py26v" text="V" unicode_ascii="v" pos="666,0" text2="_" text2_font="9"  longpress="true" longpress_text="V,_,v" longpress_sel_index="1"/>  
        <Key name="py26b" text="B" unicode_ascii="b" pos="812,0" text2="：" text2_font="9" longpress="true" longpress_text="B,：,b" longpress_sel_index="1"/>  
        <Key name="py26n" text="N" unicode_ascii="n" pos="958,0" text2="；" text2_font="9" longpress="true" longpress_text="N,；,n" longpress_sel_index="1"/>  
        <Key name="py26m" text="M" unicode_ascii="m" pos="1104,0" text2="/" text2_font="9" longpress="true" longpress_text="M,/,m" longpress_sel_index="1"/>  
        <Key function="delete_switch" permission="allow" name="py26delete" style="s_function_key" size="215,94" fgimg="backspace.svg" fg_pushedimage="backspace_p.svg" fgsize="51,38" pos="1250,0" longpress="true" target_keyboard_layout="Keyboard_py26"/>
		<Key name="py26_7" key_process_mode="directOrKeySymbolConvert" unicode_ascii="7" text="7" output="7" pos="1477,0"/>
	    <Key name="py26_8" key_process_mode="directOrKeySymbolConvert" unicode_ascii="8" text="8" output="8" pos="1623,0"/>
		<Key name="py26_9" key_process_mode="directOrKeySymbolConvert" unicode_ascii="9" text="9" output="9" pos="1769,0"/>
      </Layout>  
      <!-- Fourth keyboard line -->   
      <Layout name="py26line4" pos="0,310" size="1920,94"> 
		<Key function="reset" text="重输" name="py26reinput" style="s_function_key" size="215,94" pos="9,0" alternative_text="清空" />  
        <Key function="direct_switch" permission="allow" text="符" name="py26symbol" style="s_function_key" size="215,94" pos="228,0" target_keyboard_layout="Keyboard_symbol"/>
        <Key name="py26douhao" direct_output="true" text="，" output="，" unicode="0x1FF0C" pos="447,0" text_rect_offset="25,-25,0,0"/>  
        <Key function="space" name="py26space" fgimg="btn_function_space.svg" fg_pushedimage="btn_function_space.svg" fgpos="109,37" fgsize="65,15" size="288,94" pos="593,0" longpress="true"/>
        <Key name="py26juhao" direct_output="true" text="。" output="。" unicode="0x13002" pos="885,0" text_rect_offset="25,-25,0,0"/>  
        <Key function="smart_switch" permission="convert" name="py26chen" style="s_function_key" size="215,94" pos="1031,0" fgimg="btn_function_input_cn.svg" fg_pushedimage="btn_function_input_cn.svg" fgsize="64,64" target_keyboard_layout="Keyboard_en26" />
        <Key function="enter" name="py26enter" style="s_function_key" pos="1250,0" size="215,94" fgimg="btn_function_enter.svg" fg_pushedimage="btn_function_enter_pushed.svg" fgsize="52,32" enter_pys="1"/>
	    <Key name="py26_00" key_process_mode="directOrWithUserCand" text="00" output="00" pos="1477,0"/>
	    <Key name="py26_0"  key_process_mode="directOrKeySymbolConvert" unicode_ascii="0" text="0" output="0" pos="1623,0"/>
		<Key name="py26_."  key_process_mode="directOrKeySymbolConvert" text="." output="." pos="1769,0"/>
      </Layout> 
    </Layout>  
    <!-- English26 keyboard -->  
    <Layout name="Keyboard_en26" size="1920,486" pos="0,76" keyboard_case="lowercase" equivalent_list_name="english_list"> 
      <!-- First keyboard line -->  
      <Layout name="en26line1" pos="0,10" size="1920, 94"> 
        <Key name="en26q" text="q" unicode_ascii="q" pos="9,0"    text2="1" text2_font="9" longpress="true" longpress_text="1,Q,q" longpress_sel_index="0"/>  
        <Key name="en26w" text="w" unicode_ascii="w" pos="155,0"  text2="2" text2_font="9" longpress="true" longpress_text="W,2,w" longpress_sel_index="1"/>  
        <Key name="en26e" text="e" unicode_ascii="e" pos="301,0"  text2="3" text2_font="9" longpress="true" longpress_text="E,3,e" longpress_sel_index="1"/>  
        <Key name="en26r" text="r" unicode_ascii="r" pos="447,0"  text2="4" text2_font="9" longpress="true" longpress_text="R,4,r" longpress_sel_index="1"/>  
        <Key name="en26t" text="t" unicode_ascii="t" pos="593,0"  text2="5" text2_font="9" longpress="true" longpress_text="T,5,t" longpress_sel_index="1"/>  
        <Key name="en26y" text="y" unicode_ascii="y" pos="739,0"  text2="6" text2_font="9" longpress="true" longpress_text="Y,6,y" longpress_sel_index="1"/>  
        <Key name="en26u" text="u" unicode_ascii="u" pos="885,0"  text2="7" text2_font="9" longpress="true" longpress_text="U,7,u" longpress_sel_index="1"/>  
        <Key name="en26i" text="i" unicode_ascii="i" pos="1031,0" text2="8" text2_font="9" longpress="true" longpress_text="I,8,i" longpress_sel_index="1"/>  
        <Key name="en26o" text="o" unicode_ascii="o" pos="1177,0" text2="9" text2_font="9" longpress="true" longpress_text="O,9,o" longpress_sel_index="1"/>  
        <Key name="en26p" text="p" unicode_ascii="p" pos="1323,0" text2="0" text2_font="9" longpress="true" longpress_text="p,P,0" longpress_sel_index="2"/> 
		<Key name="en26_1" direct_output="true" text="1" output="1" pos="1477,0"/>
	    <Key name="en26_2" direct_output="true" text="2" output="2" pos="1623,0"/>
		<Key name="en26_3" direct_output="true" text="3" output="3" pos="1769,0"/>
      </Layout>  
      <!-- Second keyboard line -->  
      <Layout name="en26line2" pos="0,110" size="1920,94"> 
        <Key name="en26a" text="a" unicode_ascii="a" pos="82,0"   text2="~"     longpress="true" longpress_text="~,A,a" longpress_sel_index="0"/>  
        <Key name="en26s" text="s" unicode_ascii="s" pos="228,0"  text2="!"    text2_font="9" text2_rect="108,8,17,24" longpress="true" longpress_text="S,!,s" longpress_sel_index="1"/>  
        <Key name="en26d" text="d" unicode_ascii="d" pos="374,0"  text2="@"    text2_font="9" text2_rect="108,8,17,24" longpress="true" longpress_text="D,@,d" longpress_sel_index="1"/>  
        <Key name="en26f" text="f" unicode_ascii="f" pos="520,0"  text2="#"    text2_font="9" text2_rect="108,8,17,24" longpress="true" longpress_text="F,#,f" longpress_sel_index="1"/>  
        <Key name="en26g" text="g" unicode_ascii="g" pos="666,0"  text2="%"    text2_font="9" text2_rect="108,8,17,24" longpress="true" longpress_text="G,%,g" longpress_sel_index="1"/>  
        <Key name="en26h" text="h" unicode_ascii="h" pos="812,0"  text2="'"    longpress="true" longpress_text="H,',h" longpress_sel_index="1"/>  
        <Key name="en26j" text="j" unicode_ascii="j" pos="958,0"  text2="&amp;" text2_font="9" text2_rect="108,8,17,24" longpress="true" longpress_text="J,&amp;,j" longpress_sel_index="1"/>  
        <Key name="en26k" text="k" unicode_ascii="k" pos="1104,0" text2="*"     longpress="true" longpress_text="K,*,k" longpress_sel_index="1"/>  
        <Key name="en26l" text="l" unicode_ascii="l" pos="1250,0" text2="?"     text2_font="9" text2_rect="108,8,17,26" longpress="true" longpress_text="l,L,?" longpress_sel_index="2"/> 
		<Key name="en26_4" direct_output="true" text="4" output="4" pos="1477,0"/>
	    <Key name="en26_5" direct_output="true" text="5" output="5" pos="1623,0"/>
		<Key name="en26_6" direct_output="true" text="6" output="6" pos="1769,0"/>
      </Layout>  
      <!-- Third keyboard line -->  
      <Layout name="en26line3" pos="0,210" size="1920,94"> 
        <Key function="replace_switch" permission="convert" name="en26shift" style="s_function_key" size="215,94" fgimg="btn_function_shift.svg" fg_pushedimage="btn_function_shift_pushed.svg" fgsize="50,50" pos="9,0" target_keyboard_layout="Keyboard_en26_temp_UP" />
        <Key name="en26z" text="z" unicode_ascii="z" pos="228,0"  text2="(" text2_font="9" longpress="true" longpress_text="Z,(,z" longpress_sel_index="1"/>  
        <Key name="en26x" text="x" unicode_ascii="x" pos="374,0"  text2=")" text2_font="9" longpress="true" longpress_text="X,),x" longpress_sel_index="1"/>  
        <Key name="en26c" text="c" unicode_ascii="c" pos="520,0"  text2="-" text2_font="9" longpress="true" longpress_text="C,-,c" longpress_sel_index="1"/>  
        <Key name="en26v" text="v" unicode_ascii="v" pos="666,0"  text2="_" text2_font="9" longpress="true" longpress_text="V,_,v" longpress_sel_index="1"/>  
        <Key name="en26b" text="b" unicode_ascii="b" pos="812,0"  text2=":" text2_font="9" longpress="true" longpress_text="B,:,b" longpress_sel_index="1"/>  
        <Key name="en26n" text="n" unicode_ascii="n" pos="958,0"  text2=";" text2_font="9" longpress="true" longpress_text="N,;,n" longpress_sel_index="1"/>  
        <Key name="en26m" text="m" unicode_ascii="m" pos="1104,0" text2="/" text2_font="9" longpress="true" longpress_text="M,/,m" longpress_sel_index="1"/>  
        <Key function="delete_switch" permission="allow" name="en26delete" style="s_function_key" size="215,94" fgimg="backspace.svg" fg_pushedimage="backspace_p.svg" fgsize="51,38" pos="1250,0" longpress="true" target_keyboard_layout="Keyboard_en26"/>
		<Key name="en26_7" direct_output="true" text="7" output="7" pos="1477,0"/>
	    <Key name="en26_8" direct_output="true" text="8" output="8" pos="1623,0"/>
		<Key name="en26_9" direct_output="true" text="9" output="9" pos="1769,0"/>
      </Layout>  
      <!-- Fourth keyboard line -->  
      <Layout name="en26line4" pos="0,310" size="1920,94"> 
        <Key function="reset" text="重输" name="en26_reinput" style="s_function_key" pos="9,0" size="146,94" alternative_text="清空"/>  
        <Key function="direct_switch" permission="allow" text="符" name="en26symbol" style="s_function_key" pos="155,0" size="146,94" target_keyboard_layout="Keyboard_symbol"/>          
        <Key function="dictionary" name="dictionary" style="s_function_key" fgimg="btn_english_predict.svg" fg_pushedimage="btn_english_predict_pushed.svg" fgsize="41,45" pos="301,0" size="146,94" toggle="0" toggle_fgimg="btn_english_predict_toggle.svg" toggle_fg_pushedimage="btn_english_predict_toggle_pushed.svg"/>
        <Key direct_output="true" text="," name="en26douhao" output="," unicode="0x002C" pos="447,0" text_rect_offset="5,-25,0,0"/>         
		<Key function="space" name="en26space" fgimg="btn_function_space.svg" fg_pushedimage="btn_function_space.svg" fgpos="109,37" fgsize="65,15" size="288,94" pos="593,0" longpress="true"/>
        <Key direct_output="true" text="." name="en26juhao" output="." unicode="0x002E" pos="885,0" text_rect_offset="5,-25,0,0"/>  
        <Key function="smart_switch" permission="commitComp" name="en26chen" style="s_function_key" size="215,94" pos="1031,0" fgimg="btn_function_input_en.svg" fg_pushedimage="btn_function_input_en.svg" fgsize="64,64" target_keyboard_layout="Keyboard_py26" />
        <Key function="enter" name="en26enter" style="s_function_key" size="215,94" fgimg="btn_function_enter.svg" fg_pushedimage="btn_function_enter_pushed.svg" fgsize="52,32" pos="1250,0" enter_pys="1"/>        
	    <Key name="en26_00" direct_output="true" text="00" output="00" pos="1477,0"/>
	    <Key name="en26_0" direct_output="true" text="0" output="0" pos="1623,0"/>
		<Key name="en26_." direct_output="true" text="." output="." pos="1769,0"/>
      </Layout> 
    </Layout>  
    <!-- English26 temporary uppercase keyboard -->  
    <Layout name="Keyboard_en26_temp_UP" size="1920, 486" pos="0,76" keyboard_case="temp_uppercase" persistence_name="Keyboard_en26" equivalent_list_name="english_list"> 
      <!-- First keyboard line -->  
      <Layout name="en26Tline1" pos="0,10" size="1920,94"> 
        <Key name="en26Tq" text="Q" unicode_ascii="Q" pos="9,0"    text2="1" text2_font="9" longpress="true" longpress_text="1,Q,q" longpress_sel_index="0"/>  
        <Key name="en26Tw" text="W" unicode_ascii="W" pos="155,0"  text2="2" text2_font="9" longpress="true" longpress_text="W,2,w" longpress_sel_index="1"/>  
        <Key name="en26Te" text="E" unicode_ascii="E" pos="301,0"  text2="3" text2_font="9" longpress="true" longpress_text="E,3,e" longpress_sel_index="1"/>  
        <Key name="en26Tr" text="R" unicode_ascii="R" pos="447,0"  text2="4" text2_font="9" longpress="true" longpress_text="R,4,r" longpress_sel_index="1"/>  
        <Key name="en26Tt" text="T" unicode_ascii="T" pos="593,0"  text2="5" text2_font="9" longpress="true" longpress_text="T,5,t" longpress_sel_index="1"/>  
        <Key name="en26Ty" text="Y" unicode_ascii="Y" pos="739,0"  text2="6" text2_font="9" longpress="true" longpress_text="Y,6,y" longpress_sel_index="1"/>  
        <Key name="en26Tu" text="U" unicode_ascii="U" pos="885,0"  text2="7" text2_font="9" longpress="true" longpress_text="U,7,u" longpress_sel_index="1"/>  
        <Key name="en26Ti" text="I" unicode_ascii="I" pos="1031,0" text2="8" text2_font="9" longpress="true" longpress_text="I,8,i" longpress_sel_index="1"/>  
        <Key name="en26To" text="O" unicode_ascii="O" pos="1177,0" text2="9" text2_font="9" longpress="true" longpress_text="O,9,o" longpress_sel_index="1"/>  
        <Key name="en26Tp" text="P" unicode_ascii="P" pos="1323,0" text2="0" text2_font="9" longpress="true" longpress_text="p,P,0" longpress_sel_index="2"/> 
		<Key name="en26T_1" direct_output="true" text="1" output="1" pos="1477,0"/>
	    <Key name="en26T_2" direct_output="true" text="2" output="2" pos="1623,0"/>
		<Key name="en26T_3" direct_output="true" text="3" output="3" pos="1769,0"/>
      </Layout>  
      <!-- Second keyboard line -->  
      <Layout name="en26Tline2" pos="0,110" size="1920,94"> 
        <Key name="en26Ta" text="A" unicode_ascii="A" pos="82,0"   text2="~" text2_font="9" text2_rect="108,8,17,24" longpress="true" longpress_text="~,A,a" longpress_sel_index="0"/>  
        <Key name="en26Ts" text="S" unicode_ascii="S" pos="228,0"  text2="!" text2_font="9" text2_rect="108,8,17,24" longpress="true" longpress_text="S,!,s" longpress_sel_index="1"/>  
        <Key name="en26Td" text="D" unicode_ascii="D" pos="374,0"  text2="@" text2_font="9" text2_rect="108,8,17,24" longpress="true" longpress_text="D,@,d" longpress_sel_index="1"/>  
        <Key name="en26Tf" text="F" unicode_ascii="F" pos="520,0"  text2="#" text2_font="9" text2_rect="108,8,17,24" longpress="true" longpress_text="F,#,f" longpress_sel_index="1"/>  
        <Key name="en26Tg" text="G" unicode_ascii="G" pos="666,0"  text2="%" text2_font="9" text2_rect="108,8,17,24" longpress="true" longpress_text="G,%,g" longpress_sel_index="1"/>  
        <Key name="en26Th" text="H" unicode_ascii="H" pos="812,0"  text2="'" text2_font="9" text2_rect="108,8,17,24" longpress="true" longpress_text="H,',h" longpress_sel_index="1"/>  
        <Key name="en26Tj" text="J" unicode_ascii="J" pos="958,0"  text2="&amp;" text2_font="9" text2_rect="108,8,17,24" longpress="true" longpress_text="J,&amp;,j" longpress_sel_index="1"/>  
        <Key name="en26Tk" text="K" unicode_ascii="K" pos="1104,0" text2="*" text2_font="9" text2_rect="108,8,17,24" longpress="true" longpress_text="K,*,k" longpress_sel_index="1"/>  
        <Key name="en26Tl" text="L" unicode_ascii="L" pos="1250,0" text2="?" text2_font="9" text2_rect="108,8,17,24" longpress="true" longpress_text="l,L,?" longpress_sel_index="2"/> 
		<Key name="en26T_4" direct_output="true" text="4" output="4" pos="1477,0"/>
	    <Key name="en26T_5" direct_output="true" text="5" output="5" pos="1623,0"/>
		<Key name="en26T_6" direct_output="true" text="6" output="6" pos="1769,0"/>
      </Layout>  
      <!-- Third keyboard line -->  
      <Layout name="en26Tline3" pos="0,210" size="1920,94"> 
        <Key function="replace_switch" target_keyboard_layout="Keyboard_en26_UP" permission="convert" name="en26Tshift" style="s_function_key" size="215,94" fgimg="btn_function_shift_temp_up.svg" fg_pushedimage="btn_function_shift_temp_up_pushed.svg" fgsize="50,50" pos="9,0"/>
        <Key name="en26Tz" text="Z" unicode_ascii="Z" pos="228,0"  text2="(" text2_font="9" longpress="true" longpress_text="Z,(,z" longpress_sel_index="1"/>  
        <Key name="en26Tx" text="X" unicode_ascii="X" pos="374,0"  text2=")" text2_font="9" longpress="true" longpress_text="X,),x" longpress_sel_index="1"/>  
        <Key name="en26Tc" text="C" unicode_ascii="C" pos="520,0"  text2="-" text2_font="9" longpress="true" longpress_text="C,-,c" longpress_sel_index="1"/>  
        <Key name="en26Tv" text="V" unicode_ascii="V" pos="666,0"  text2="_" text2_font="9" longpress="true" longpress_text="V,_,v" longpress_sel_index="1"/>  
        <Key name="en26Tb" text="B" unicode_ascii="B" pos="812,0"  text2=":" text2_font="9" longpress="true" longpress_text="B,:,b" longpress_sel_index="1"/>  
        <Key name="en26Tn" text="N" unicode_ascii="N" pos="958,0"  text2=";" text2_font="9" longpress="true" longpress_text="N,;,n" longpress_sel_index="1"/>  
        <Key name="en26Tm" text="M" unicode_ascii="M" pos="1104,0" text2="/" text2_font="9" longpress="true" longpress_text="M,/,m" longpress_sel_index="1"/>  
        <Key function="delete_switch" permission="allow" name="en26Tdelete" size="215,94" fgimg="backspace.svg" fg_pushedimage="backspace_p.svg" fgsize="51,38" pos="1250,0" longpress="true" style="s_function_key" target_keyboard_layout="Keyboard_en26_temp_UP"/>
		<Key name="en26T_7" direct_output="true" text="7" output="7" pos="1477,0"/>
	    <Key name="en26T_8" direct_output="true" text="8" output="8" pos="1623,0"/>
		<Key name="en26T_9" direct_output="true" text="9" output="9" pos="1769,0"/>
      </Layout>  
      <!-- Fourth keyboard line -->  
      <Layout name="en26Tline4" pos="0,310" size="1920,94"> 
		<Key function="reset" text="重输" name="en26T_reinput" style="s_function_key" pos="9,0" size="146,94" alternative_text="清空"/>  
        <Key function="direct_switch" permission="allow" text="符" name="en26T_symbol" style="s_function_key" pos="155,0" size="146,94" target_keyboard_layout="Keyboard_symbol" />          
        <Key function="dictionary" name="dictionary_temp" style="s_function_key" fgimg="btn_english_predict.svg" fg_pushedimage="btn_english_predict_pushed.svg" fgsize="41,45" pos="301,0" size="146,94" toggle="0" toggle_fgimg="btn_english_predict_toggle.svg" toggle_fg_pushedimage="btn_english_predict_toggle_pushed.svg"/>
        <Key direct_output="true" text="," name="en26Tdouhao" output="," unicode="0x002C" pos="447,0" text_rect_offset="5,-25,0,0"/>         
		<Key function="space" name="en26Tspace" fgimg="btn_function_space.svg" fg_pushedimage="btn_function_space.svg" fgpos="109,37" fgsize="65,15" size="288,94" pos="593,0" longpress="true"/>
        <Key direct_output="true" text="." name="en26Tjuhao" output="." unicode="0x002E" pos="885,0" text_rect_offset="5,-25,0,0"/>  
        <Key function="smart_switch" permission="commitComp" name="en26Tchen" style="s_function_key" size="215,94" pos="1031,0" fgimg="btn_function_input_en.svg" fg_pushedimage="btn_function_input_en.svg" fgsize="64,64" target_keyboard_layout="Keyboard_py26" />
        <Key function="enter" name="en26Tenter" style="s_function_key" size="215,94" fgimg="btn_function_enter.svg" fg_pushedimage="btn_function_enter_pushed.svg" fgsize="52,32" pos="1250,0" enter_pys="1"/>        
	    <Key name="en26T_00" direct_output="true" text="00" output="00" pos="1477,0"/>
	    <Key name="en26T_0" direct_output="true" text="0" output="0" pos="1623,0"/>
		<Key name="en26T_." direct_output="true" text="." output="." pos="1769,0"/>
      </Layout> 
    </Layout>  
    <!-- English26 uppercase keyboard -->  
    <Layout name="Keyboard_en26_UP" size="1920, 486" pos="0,76" keyboard_case="uppercase" persistence_name="Keyboard_en26" equivalent_list_name="english_list"> 
      <!-- First keyboard line -->  
      <Layout name="en26Uline1" pos="0,10" size="1920,94"> 
        <Key name="en26Uq" text="Q" unicode_ascii="Q" pos="9,0"    text2="1" text2_font="9" longpress="true" longpress_text="1,Q,q" longpress_sel_index="0"/>  
        <Key name="en26Uw" text="W" unicode_ascii="W" pos="155,0"  text2="2" text2_font="9" longpress="true" longpress_text="W,2,w" longpress_sel_index="1"/>  
        <Key name="en26Ue" text="E" unicode_ascii="E" pos="301,0"  text2="3" text2_font="9" longpress="true" longpress_text="E,3,e" longpress_sel_index="1"/>  
        <Key name="en26Ur" text="R" unicode_ascii="R" pos="447,0"  text2="4" text2_font="9" longpress="true" longpress_text="R,4,r" longpress_sel_index="1"/>  
        <Key name="en26Ut" text="T" unicode_ascii="T" pos="593,0"  text2="5" text2_font="9" longpress="true" longpress_text="T,5,t" longpress_sel_index="1"/>  
        <Key name="en26Uy" text="Y" unicode_ascii="Y" pos="739,0"  text2="6" text2_font="9" longpress="true" longpress_text="Y,6,y" longpress_sel_index="1"/>  
        <Key name="en26Uu" text="U" unicode_ascii="U" pos="885,0"  text2="7" text2_font="9" longpress="true" longpress_text="U,7,u" longpress_sel_index="1"/>  
        <Key name="en26Ui" text="I" unicode_ascii="I" pos="1031,0" text2="8" text2_font="9" longpress="true" longpress_text="I,8,i" longpress_sel_index="1"/>  
        <Key name="en26Uo" text="O" unicode_ascii="O" pos="1177,0" text2="9" text2_font="9" longpress="true" longpress_text="O,9,o" longpress_sel_index="1"/>  
        <Key name="en26Up" text="P" unicode_ascii="P" pos="1323,0" text2="0" text2_font="9" longpress="true" longpress_text="p,P,0" longpress_sel_index="2"/> 
		<Key name="en26U_1" direct_output="true" text="1" output="1" pos="1477,0"/>
	    <Key name="en26U_2" direct_output="true" text="2" output="2" pos="1623,0"/>
		<Key name="en26U_3" direct_output="true" text="3" output="3" pos="1769,0"/>
      </Layout>  
      <!-- Second keyboard line -->  
      <Layout name="en26Uline2" pos="0,110" size="1920,94"> 
        <Key name="en26Ua" text="A" unicode_ascii="A" pos="82,0"  text2="~" text2_font="9"       text2_rect="108,8,17,24" longpress="true" longpress_text="~,A,a" longpress_sel_index="0"/>  
        <Key name="en26Us" text="S" unicode_ascii="S" pos="228,0"  text2="!" text2_font="9"      text2_rect="108,8,17,24" longpress="true" longpress_text="S,!,s" longpress_sel_index="1"/>  
        <Key name="en26Ud" text="D" unicode_ascii="D" pos="374,0"  text2="@" text2_font="9"      text2_rect="108,8,17,24" longpress="true" longpress_text="D,@,d" longpress_sel_index="1"/>  
        <Key name="en26Uf" text="F" unicode_ascii="F" pos="520,0"  text2="#" text2_font="9"      text2_rect="108,8,17,24" longpress="true" longpress_text="F,#,f" longpress_sel_index="1"/>  
        <Key name="en26Ug" text="G" unicode_ascii="G" pos="666,0"  text2="%" text2_font="9"      text2_rect="108,8,17,24" longpress="true" longpress_text="G,%,g" longpress_sel_index="1"/>  
        <Key name="en26Uh" text="H" unicode_ascii="H" pos="812,0"  text2="'" text2_font="9"      text2_rect="108,8,17,24" longpress="true" longpress_text="H,',h" longpress_sel_index="1"/>  
        <Key name="en26Uj" text="J" unicode_ascii="J" pos="958,0"  text2="&amp;" text2_font="9"  text2_rect="108,8,17,24" longpress="true" longpress_text="J,&amp;,j" longpress_sel_index="1"/>  
        <Key name="en26Uk" text="K" unicode_ascii="K" pos="1104,0" text2="*" text2_font="9"      text2_rect="108,8,17,24" longpress="true" longpress_text="K,*,k" longpress_sel_index="1"/>  
        <Key name="en26Ul" text="L" unicode_ascii="L" pos="1250,0" text2="?" text2_font="9"      text2_rect="108,8,17,24" longpress="true" longpress_text="l,L,?" longpress_sel_index="2"/> 
		<Key name="en26U_4" direct_output="true" text="4" output="4" pos="1477,0"/>
	    <Key name="en26U_5" direct_output="true" text="5" output="5" pos="1623,0"/>
		<Key name="en26U_6" direct_output="true" text="6" output="6" pos="1769,0"/>
      </Layout>  
      <!-- Third keyboard line -->  
      <Layout name="en26Uline3" pos="0,210" size="1920,94"> 
        <Key function="replace_switch" permission="convert" name="en26Ushift" style="s_function_key" size="215,94" fgimg="btn_function_shift_up.svg" fg_pushedimage="btn_function_shift_up_pushed.svg" fgsize="50,50" pos="9,0" target_keyboard_layout="Keyboard_en26"/>
        <Key name="en26Uz" text="Z" unicode_ascii="Z" pos="228,0"  text2="(" text2_font="9" longpress="true" longpress_text="Z,(,z" longpress_sel_index="1"/>  
        <Key name="en26Ux" text="X" unicode_ascii="X" pos="374,0"  text2=")" text2_font="9" longpress="true" longpress_text="X,),x" longpress_sel_index="1"/>  
        <Key name="en26Uc" text="C" unicode_ascii="C" pos="520,0"  text2="-" text2_font="9" longpress="true" longpress_text="C,-,c" longpress_sel_index="1"/>  
        <Key name="en26Uv" text="V" unicode_ascii="V" pos="666,0"  text2="_" text2_font="9" longpress="true" longpress_text="V,_,v" longpress_sel_index="1"/>  
        <Key name="en26Ub" text="B" unicode_ascii="B" pos="812,0"  text2=":" text2_font="9" longpress="true" longpress_text="B,:,b" longpress_sel_index="1"/>  
        <Key name="en26Un" text="N" unicode_ascii="N" pos="958,0"  text2=";" text2_font="9" longpress="true" longpress_text="N,;,n" longpress_sel_index="1"/>  
        <Key name="en26Um" text="M" unicode_ascii="M" pos="1104,0" text2="/" text2_font="9" longpress="true" longpress_text="M,/,m" longpress_sel_index="1"/>  
        <Key function="delete_switch" permission="allow" name="en26Udelete" size="215,94" fgimg="backspace.svg" fg_pushedimage="backspace_p.svg" fgsize="51,38" pos="1250,0" longpress="true" style="s_function_key" target_keyboard_layout="Keyboard_en26_UP"/>
		<Key name="en26U_7" direct_output="true" text="7" output="7" pos="1477,0"/>
	    <Key name="en26U_8" direct_output="true" text="8" output="8" pos="1623,0"/>
		<Key name="en26U_9" direct_output="true" text="9" output="9" pos="1769,0"/>
      </Layout>  
      <!-- Fourth keyboard line -->  
      <Layout name="en26Uline4" pos="0,310" size="1920,94"> 
		<Key function="reset" text="重输" name="en26U_reinput" style="s_function_key" pos="9,0" size="146,94" alternative_text="清空" />  
        <Key function="direct_switch" permission="allow" text="符" name="en26U_symbol" style="s_function_key" pos="155,0" size="146,94" target_keyboard_layout="Keyboard_symbol"/>          
        <Key function="dictionary" name="dictionary_up" style="s_function_key" fgimg="btn_english_predict.svg" fg_pushedimage="btn_english_predict_pushed.svg" fgsize="41,45" pos="301,0" size="146,94" toggle="0" toggle_fgimg="btn_english_predict_toggle.svg" toggle_fg_pushedimage="btn_english_predict_toggle_pushed.svg"/>
        <Key direct_output="true" text="," name="en26Udouhao" output="," unicode="0x002C" pos="447,0" text_rect_offset="5,-25,0,0"/>         
		<Key function="space" name="en26Uspace" fgimg="btn_function_space.svg" fg_pushedimage="btn_function_space.svg" fgpos="109,37" fgsize="65,15" size="288,94" pos="593,0" longpress="true"/>
        <Key direct_output="true" text="." name="en26Ujuhao" output="." unicode="0x002E" pos="885,0" text_rect_offset="5,-25,0,0"/>  
        <Key function="smart_switch" permission="commitComp" name="en26Uchen" style="s_function_key" size="215,94" pos="1031,0" fgimg="btn_function_input_en.svg" fg_pushedimage="btn_function_input_en.svg" fgsize="64,64" target_keyboard_layout="Keyboard_py26" />
        <Key function="enter" name="en26Uenter" style="s_function_key" size="215,94" fgimg="btn_function_enter.svg" fg_pushedimage="btn_function_enter_pushed.svg" fgsize="52,32" pos="1250,0" enter_pys="1"/>        
	    <Key name="en26U_00" direct_output="true" text="00" output="00" pos="1477,0"/>
	    <Key name="en26U_0" direct_output="true" text="0" output="0" pos="1623,0"/>
		<Key name="en26U_." direct_output="true" text="." output="." pos="1769,0"/>
      </Layout> 
    </Layout>  
    <!-- Pinyin9 keyboard -->  
    <Layout name="Keyboard_py9" size="1920,486" pos="0,76" equivalent_list_name="chinese_list"> 
      <!-- Symbol line -->  
      <Layout name="py9line0" pos="4,10" size="268,394"> 
        <List name="py9symbollist" size="268,394" pos="0,0" direct="vertical" cell_size="268,74" cellpadding="10,6,10,8" selecttextcolor="0xFF2B3547" bkimage="key_qwerty.svg,10,10,10,10" item_widthAutoFit="false" item_heightAutoFit="false" item_textfont="4" item_textcolor="0xFF525252" item_minwidth="20" enableselected="false" sep_size="1,240" sep_color="0xFFE5E5E5" support_move="true" item_bkcolor="0xFF24364A" item_normalimage="trans.svg,10,10,10,10" item_pushedimage="btn_no_shadow_pushed.svg,3,3,3,3" dataSource="PY9Symbols"/>
      </Layout>  
      <!-- First keyboard line -->  
      <Layout name="py9line1" pos="281,10" size="1643,94"> 
        <Key name="py91" text="1" unicode_ascii="1" style="s_py9_key"   size="293,94" pos="0,0"   text_rect_offset="0,0,0,0" longpress="true" longpress_text="1" longpress_sel_index="0"/>  
        <Key name="py92" text="ABC" unicode_ascii="2" style="s_py9_key" size="293,94" pos="297,0" text2="2" text2_font="9" text2_rect="263,15,13,24" text2_color="0xFFA9A9A9" longpress="true" longpress_text="A,B,C,2,a,b,c" longpress_sel_index="3"/>  
        <Key name="py93" text="DEF" unicode_ascii="3" style="s_py9_key" size="293,94" pos="594,0" text2="3" text2_font="9" text2_rect="263,15,13,24" text2_color="0xFFA9A9A9" longpress="true" longpress_text="D,E,F,3,d,e,f" longpress_sel_index="3"/>  
        <Key function="delete_switch" permission="allow" name="py9delete" style="s_function_key" size="293,94" fgimg="btn_function_backspace.svg" fg_pushedimage="btn_function_backspace_pushed.svg" fgsize="57,40" pos="891,0" longpress="true" target_keyboard_layout="Keyboard_py9"/>
		<Key name="py9_1" key_process_mode="directOrKeySymbolConvert" unicode_ascii="1" text="1" output="1" size="142,94" pos="1200,0"/>
	    <Key name="py9_2" key_process_mode="directOrKeySymbolConvert" unicode_ascii="2" text="2" output="2" size="142,94" pos="1346,0"/>
		<Key name="py9_3" key_process_mode="directOrKeySymbolConvert" unicode_ascii="3" text="3" output="3" size="142,94" pos="1492,0"/>		
      </Layout>  
      <!-- Second keyboard line -->  
      <Layout name="py9line2" pos="281,110" size="1643,94"> 
        <Key name="py94" text="GHI" unicode_ascii="4" style="s_py9_key" size="293,94" pos="0,0"   text2="4" text2_font="9"   text2_rect="263,15,13,24" text2_color="0xFFA9A9A9" longpress="true" longpress_text="G,H,I,4,g,h,i" longpress_sel_index="3"/>  
        <Key name="py95" text="JKL" unicode_ascii="5" style="s_py9_key" size="293,94" pos="297,0" text2="5" text2_font="9" text2_rect="263,15,13,24" text2_color="0xFFA9A9A9" longpress="true" longpress_text="J,K,L,5,j,k,l" longpress_sel_index="3"/>  
        <Key name="py96" text="MNO" unicode_ascii="6" style="s_py9_key" size="293,94" pos="594,0" text2="6" text2_font="9" text2_rect="263,15,13,24" text2_color="0xFFA9A9A9" longpress="true" longpress_text="M,N,O,6,m,n,o" longpress_sel_index="3"/>  
        <Key function="reset" name="py9reset" text="重输" style="s_function_key" size="293,94" pos="891,0" alternative_text="清空" />
		<Key name="py9_4" key_process_mode="directOrKeySymbolConvert" unicode_ascii="4" text="4" output="4" size="142,94" pos="1200,0"/>
	    <Key name="py9_5" key_process_mode="directOrKeySymbolConvert" unicode_ascii="5" text="5" output="5" size="142,94" pos="1346,0"/>
		<Key name="py9_6" key_process_mode="directOrKeySymbolConvert" unicode_ascii="6" text="6" output="6" size="142,94" pos="1492,0"/>			
      </Layout>  
      <!-- Third keyboard line -->  
      <Layout name="py9line3" pos="281,210" size="1643,94"> 
        <Key name="py97" text="PQRS" unicode_ascii="7" style="s_py9_key" size="293,94" pos="0,0" text2="7" text2_font="9"   text2_rect="263,15,13,24" text2_color="0xFFA9A9A9" longpress="true" longpress_text="P,Q,R,S,7,p,q,r,s" longpress_sel_index="4"/>  
        <Key name="py98" text="TUV" unicode_ascii="8" style="s_py9_key" size="293,94" pos="297,0" text2="8" text2_font="9"  text2_rect="263,15,13,24" text2_color="0xFFA9A9A9" longpress="true" longpress_text="T,U,V,8,t,u,v" longpress_sel_index="3"/>  
        <Key name="py99" text="WXYZ" unicode_ascii="9" style="s_py9_key" size="293,94" pos="594,0" text2="9" text2_font="9" text2_rect="263,15,13,24" text2_color="0xFFA9A9A9" longpress="true" longpress_text="W,X,Y,Z,9,w,x,y,z" longpress_sel_index="4"/>  
        <Key name="py90" text="0" unicode_ascii="0" style="s_function_key" size="293,94" pos="891,0" longpress="true" longpress_mode="2" longpress_text="0"/> 
		<Key name="py9_7" key_process_mode="directOrKeySymbolConvert" unicode_ascii="7" text="7" output="7" size="142,94" pos="1200,0"/>
	    <Key name="py9_8" key_process_mode="directOrKeySymbolConvert" unicode_ascii="8" text="8" output="8" size="142,94" pos="1346,0"/>
		<Key name="py9_9" key_process_mode="directOrKeySymbolConvert" unicode_ascii="9" text="9" output="9" size="142,94" pos="1492,0"/>	
      </Layout>  
      <!-- Fourth keyboard line -->  
      <Layout name="py9line4" pos="281,310" size="1643,94"> 
        <Key function="direct_switch" permission="allow" text="符" name="py9symbol" style="s_function_key" size="293,94" pos="0,0" target_keyboard_layout="Keyboard_symbol"/>          
        <Key function="space" name="py9space" fgimg="btn_function_space.svg" fg_pushedimage="btn_function_space.svg" fgpos="118, 38" fgsize="52,12" size="293,94" pos="297,0" longpress="true"/>
        <Key function="smart_switch" permission="convert" name="py9chen" style="s_function_key" size="293,94" pos="594,0" fgimg="btn_function_input_cn.svg" fg_pushedimage="btn_function_input_cn.svg" fgsize="64,64" target_keyboard_layout="Keyboard_en26" />
        <Key function="enter" name="py9enter" style="s_function_key" fgimg="btn_function_enter.svg" fg_pushedimage="btn_function_enter_pushed.svg" fgsize="52,32" fgpos="118,32" size="293,94" pos="891,0" enter_pys="1"/>
		<Key name="py9_00" key_process_mode="directOrWithUserCand" text="00" output="00" size="142,94" pos="1200,0"/>
	    <Key name="py9_0"  key_process_mode="directOrKeySymbolConvert" unicode_ascii="0" text="0" output="0" size="142,94" pos="1346,0"/>
		<Key name="py9_."  key_process_mode="directOrKeySymbolConvert" text="." unicode_ascii="." output="." size="142,94" pos="1492,0"/>
      </Layout> 
    </Layout>  
    <!-- Bihua keyboard -->  
    <Layout name="Keyboard_bihua" size="1920,486" pos="0,76" equivalent_list_name="chinese_list"> 
      <!-- Symbol line -->  
      <Layout name="bihualine0" pos="4,10" size="268,394"> 
        <List name="bhsymbollist" size="268,394" pos="0,0" direct="vertical" cell_size="268,74" cellpadding="10,6,10,8" selecttextcolor="0xFF2B3547" bkimage="key_qwerty.svg,10,10,10,10" item_widthAutoFit="false" item_heightAutoFit="false" item_textfont="4" item_textcolor="0xFF525252" item_minwidth="20" enableselected="false" sep_size="1,170" sep_color="0xFFE5E5E5" support_move="true" item_bkcolor="0xFF24364A" item_normalimage="trans.svg,10,10,10,10" item_pushedimage="btn_no_shadow_pushed.svg,3,3,3,3" dataSource="PY9Symbols"/>
      </Layout>  
      <!-- First keyboard line -->  
      <Layout name="bihualine1" pos="281,10" size="1643,94"> 
        <Key name="bh1" text="一" unicode_ascii="1" style="s_py9_key" size="293,94" pos="0,0"   text2="1" text2_font="9" text2_rect="263,15,13,24" text2_color="0xFFA9A9A9" longpress="true" longpress_text="1" longpress_sel_index="0"/>  
        <Key name="bh2" text="丨" unicode_ascii="2" style="s_py9_key" size="293,94" pos="297,0" text2="2" text2_font="9" text2_rect="263,15,13,24" text2_color="0xFFA9A9A9" longpress="true" longpress_text="2" longpress_sel_index="0"/>  
        <Key name="bh3" text="丿" unicode_ascii="3" style="s_py9_key" size="293,94" pos="594,0" text2="3" text2_font="9" text2_rect="263,15,13,24" text2_color="0xFFA9A9A9" longpress="true" longpress_text="3" longpress_sel_index="0"/>  
        <Key function="delete_switch" permission="allow" name="bhdelete" style="s_function_key" size="293,94" fgimg="btn_function_backspace.svg" fg_pushedimage="btn_function_backspace_pushed.svg" fgsize="57,40" pos="891,0" longpress="true" target_keyboard_layout="Keyboard_bihua"/>
		<Key name="bh_1" key_process_mode="directOrWithUserCand" text="1" output="1" size="142,94" pos="1200,0"/>
	    <Key name="bh_2" key_process_mode="directOrWithUserCand" text="2" output="2" size="142,94" pos="1346,0"/>
		<Key name="bh_3" key_process_mode="directOrWithUserCand" text="3" output="3" size="142,94" pos="1492,0"/>
      </Layout>  
      <!-- Second keyboard line -->  
      <Layout name="bihualine2" pos="281,110" size="1643,94"> 
        <Key name="bh4" text="丶" unicode_ascii="4" style="s_py9_key"   size="293,94" pos="0,0"   text2="4" text2_font="9" text2_rect="263,15,13,24" text2_color="0xFFA9A9A9" longpress="true" longpress_text="4" longpress_sel_index="0"/>  
        <Key name="bh5" text="ㄥ" unicode_ascii="5" style="s_py9_key"   size="293,94" pos="297,0" text2="5" text2_font="9" text2_rect="263,15,13,24" text2_color="0xFFA9A9A9" longpress="true" longpress_text="5" longpress_sel_index="0"/>  
        <Key name="bh6" text="通配" unicode_ascii="6" style="s_py9_key" size="293,94" pos="594,0" text2="6" text2_font="9" text2_rect="263,15,13,24" text2_color="0xFFA9A9A9" longpress="true" longpress_text="6" longpress_sel_index="0"/>  
        <Key function="reset" name="bhreset" text="重输" style="s_function_key" size="293,94" pos="891,0" alternative_text="清空" />
		<Key name="bh_4" key_process_mode="directOrWithUserCand" text="4" output="4" size="142,94" pos="1200,0"/>
	    <Key name="bh_5" key_process_mode="directOrWithUserCand" text="5" output="5" size="142,94" pos="1346,0"/>
		<Key name="bh_6" key_process_mode="directOrWithUserCand" text="6" output="6" size="142,94" pos="1492,0"/>			
      </Layout>  
      <!-- Third keyboard line -->  
      <Layout name="bihualine3" pos="281,210" size="1643,94"> 
        <Key name="bh7" text="分词" unicode_ascii="'" style="s_py9_key"              size="293,94" pos="0,0"   text2="7" text2_font="9" text2_rect="263,15,13,24" text2_color="0xFFA9A9A9" longpress="true" longpress_text="7" longpress_sel_index="0"/>  
        <Key name="bh8" direct_output="true" text="：" output="：" style="s_py9_key" size="293,94" pos="297,0" text_rect_offset="20,0,0,0" text2="8" text2_font="9" text2_rect="263,15,13,24" text2_color="0xFFA9A9A9" longpress="true" longpress_text="8" longpress_sel_index="0"/>  
        <Key name="bh9" direct_output="true" text="；" output="；" style="s_py9_key" size="293,94" pos="594,0" text_rect_offset="20,0,0,0" text2="9" text2_font="9" text2_rect="263,15,13,24" text2_color="0xFFA9A9A9" longpress="true" longpress_text="9" longpress_sel_index="0"/>  
        <Key name="bh0" text="0" unicode_ascii="0" style="s_function_key"            size="293,94" pos="891,0" longpress="true" longpress_mode="2" longpress_text="0"/> 
		<Key name="bh_7" key_process_mode="directOrWithUserCand" text="7" output="7" size="142,94" pos="1200,0"/>
	    <Key name="bh_8" key_process_mode="directOrWithUserCand" text="8" output="8" size="142,94" pos="1346,0"/>
		<Key name="bh_9" key_process_mode="directOrWithUserCand" text="9" output="9" size="142,94" pos="1492,0"/>	
      </Layout>  
      <!-- Fourth keyboard line -->  
      <Layout name="bihualine4" pos="281,310" size="1643,94"> 
        <Key function="direct_switch" permission="forbid" text="符" name="bhsymbol" style="s_function_key" size="293,94" pos="0,0" target_keyboard_layout="Keyboard_symbol"/>         
        <Key function="space" name="bhspace" fgimg="btn_function_space.svg" fg_pushedimage="btn_function_space.svg" fgpos="118, 38" fgsize="52,12" size="293,94" pos="297,0" longpress="true"/>
        <Key function="smart_switch" permission="clear" name="bhchen" style="s_function_key" size="293,94" pos="594,0" fgimg="btn_function_input_cn.svg" fg_pushedimage="btn_function_input_cn.svg" fgsize="64,64" target_keyboard_layout="Keyboard_en26" />
        <Key function="enter" name="bhenter" style="s_function_key" fgimg="btn_function_enter.svg" fg_pushedimage="btn_function_enter_pushed.svg" fgsize="52,32" size="293,94" pos="891,0" enter_pys="1"/>
		<Key name="bh_00" key_process_mode="directOrWithUserCand" text="00" output="00" size="142,94" pos="1200,0"/>
	    <Key name="bh_0"  key_process_mode="directOrWithUserCand" text="0" output="0" size="142,94" pos="1346,0"/>
		<Key name="bh_."  key_process_mode="directOrWithUserCand" text="." output="." size="142,94" pos="1492,0"/>
      </Layout> 
    </Layout>  
    <!-- Wubi keyboard -->  
    <Layout name="Keyboard_wubi" size="1920, 486" pos="0,76" equivalent_list_name="chinese_list"> 
      <!-- First keyboard line -->  
      <Layout name="wubiline1" pos="0,10" size="1920, 94"> 
        <Key name="wubiq" text="Q" unicode_ascii="q" pos="9,0"    text2="1" text2_font="9" longpress="true" longpress_text="1,Q,q" longpress_sel_index="0"/>  
        <Key name="wubiw" text="W" unicode_ascii="w" pos="155,0"  text2="2" text2_font="9" longpress="true" longpress_text="W,2,w" longpress_sel_index="1"/>  
        <Key name="wubie" text="E" unicode_ascii="e" pos="301,0"  text2="3" text2_font="9" longpress="true" longpress_text="E,3,e" longpress_sel_index="1"/>  
        <Key name="wubir" text="R" unicode_ascii="r" pos="447,0"  text2="4" text2_font="9" longpress="true" longpress_text="R,4,r" longpress_sel_index="1"/>  
        <Key name="wubit" text="T" unicode_ascii="t" pos="593,0"  text2="5" text2_font="9" longpress="true" longpress_text="T,5,t" longpress_sel_index="1"/>  
        <Key name="wubiy" text="Y" unicode_ascii="y" pos="739,0"  text2="6" text2_font="9" longpress="true" longpress_text="Y,6,y" longpress_sel_index="1"/>  
        <Key name="wubiu" text="U" unicode_ascii="u" pos="885,0"  text2="7" text2_font="9" longpress="true" longpress_text="U,7,u" longpress_sel_index="1"/>  
        <Key name="wubii" text="I" unicode_ascii="i" pos="1031,0" text2="8" text2_font="9" longpress="true" longpress_text="I,8,i" longpress_sel_index="1"/>  
        <Key name="wubio" text="O" unicode_ascii="o" pos="1177,0" text2="9" text2_font="9" longpress="true" longpress_text="O,9,o" longpress_sel_index="1"/>  
        <Key name="wubip" text="P" unicode_ascii="p" pos="1323,0" text2="0" text2_font="9" longpress="true" longpress_text="p,P,0" longpress_sel_index="2"/> 
		<Key name="wubi1" direct_output="true" text="1" output="1" pos="1477,0"/>
	    <Key name="wubi2" direct_output="true" text="2" output="2" pos="1623,0"/>
		<Key name="wubi3" direct_output="true" text="3" output="3" pos="1769,0"/>		
      </Layout>  
      <!-- Second keyboard line -->  
      <Layout name="wubiline2" pos="0,110" size="1920,94"> 
        <Key name="wubia" text="A" unicode_ascii="a" pos="82,0"   text2="~" text2_font="9"   longpress="true" longpress_text="~,A,a" longpress_sel_index="0"/>  
        <Key name="wubis" text="S" unicode_ascii="s" pos="228,0"  text2="！" text2_font="9"  longpress="true" longpress_text="S,！,s" longpress_sel_index="1"/>  
        <Key name="wubid" text="D" unicode_ascii="d" pos="374,0"  text2="@" text2_font="9"  text2_rect="108,8,17,24" longpress="true" longpress_text="D,@,d" longpress_sel_index="1"/>  
        <Key name="wubif" text="F" unicode_ascii="f" pos="520,0"  text2="#" text2_font="9"  text2_rect="108,8,17,24" longpress="true" longpress_text="F,#,f" longpress_sel_index="1"/>  
        <Key name="wubig" text="G" unicode_ascii="g" pos="666,0"  text2="%" text2_font="9"  text2_rect="108,8,17,24" longpress="true" longpress_text="G,%,g" longpress_sel_index="1"/>  
        <Key name="wubih" text="H" unicode_ascii="h" pos="812,0"  text2="“" text2_font="9"  text2_rect="108,8,17,24" longpress="true" longpress_text="H,“,h" longpress_sel_index="1"/>  
        <Key name="wubij" text="J" unicode_ascii="j" pos="958,0"  text2="”" text2_font="9"  text2_rect="108,8,17,24" longpress="true" longpress_text="J,”,j" longpress_sel_index="1"/>  
        <Key name="wubik" text="K" unicode_ascii="k" pos="1104,0" text2="*" text2_font="9"  text2_rect="108,8,17,24" longpress="true" longpress_text="K,*,k" longpress_sel_index="1"/>  
        <Key name="wubil" text="L" unicode_ascii="l" pos="1250,0" text2="？" text2_font="9" text2_rect="108,8,17,24" longpress="true" longpress_text="l,L,？" longpress_sel_index="2"/> 
		<Key name="wubi_4" direct_output="true" text="4" output="4" pos="1477,0"/>
	    <Key name="wubi_5" direct_output="true" text="5" output="5" pos="1623,0"/>
		<Key name="wubi_6" direct_output="true" text="6" output="6" pos="1769,0"/>
      </Layout>  
      <!-- Third keyboard line -->  
      <Layout name="wubiline3" pos="0,210" size="1920,94"> 
        <Key function="wubi_py" text="拼音" name="wubipinyin" size="215,94" pos="9,0" style="s_function_key" checkedimage="key_func_qwerty_pushed.svg,10,10,10,10" selecttextcolor="0xFF525252" toggle="1" checkedhotimage="key_func_qwerty_pushed.svg,10,10,10,10" checkedpushimage="key_func_qwerty_pushed.svg,10,10,10,10"/>
        <Key name="wubiz" text="Z" unicode_ascii="z" pos="228,0"  text2="（" text2_font="9" longpress="true" longpress_text="Z,（,z" longpress_sel_index="1"/>  
        <Key name="wubix" text="X" unicode_ascii="x" pos="374,0"  text2="）" text2_font="9" longpress="true" longpress_text="X,）,x" longpress_sel_index="1"/>  
        <Key name="wubic" text="C" unicode_ascii="c" pos="520,0"  text2="-" text2_font="9"  longpress="true" longpress_text="C,-,c" longpress_sel_index="1"/>  
        <Key name="wubiv" text="V" unicode_ascii="v" pos="666,0"  text2="_" text2_font="9"  longpress="true" longpress_text="V,_,v" longpress_sel_index="1"/>  
        <Key name="wubib" text="B" unicode_ascii="b" pos="812,0"  text2="：" text2_font="9" longpress="true" longpress_text="B,：,b" longpress_sel_index="1"/>  
        <Key name="wubin" text="N" unicode_ascii="n" pos="958,0"  text2="；" text2_font="9" longpress="true" longpress_text="N,；,n" longpress_sel_index="1"/>  
        <Key name="wubim" text="M" unicode_ascii="m" pos="1104,0" text2="/" text2_font="9"  longpress="true" longpress_text="M,/,m" longpress_sel_index="1"/>  
        <Key function="delete_switch" permission="allow" name="wubidelete" size="215,94" fgimg="backspace.svg" fg_pushedimage="backspace_p.svg" fgsize="51,38" pos="1250,0" longpress="true" style="s_function_key" target_keyboard_layout="Keyboard_wubi"/>
		<Key name="wubi_7" direct_output="true" text="7" output="7" pos="1477,0"/>
	    <Key name="wubi_8" direct_output="true" text="8" output="8" pos="1623,0"/>
		<Key name="wubi_9" direct_output="true" text="9" output="9" pos="1769,0"/>
      </Layout>  
      <!-- Fourth keyboard line -->  
      <Layout name="wubiline4" pos="0,310" size="1920,94"> 
		<Key function="reset" permission="allow" text="重输" name="wbreinput" style="s_function_key" size="215,94" pos="9,0" alternative_text="清空"/>  
        <Key function="direct_switch" permission="allow" text="符" name="wbsymbol" style="s_function_key" size="215,94" pos="228,0" target_keyboard_layout="Keyboard_symbol"/>          
        <Key name="wubidouhao" direct_output="true" text="，" output="，" unicode="0x1FF0C" pos="447,0" text_rect_offset="25,-25,0,0"/>  
        <Key function="space" name="wubispace" fgimg="btn_function_space.svg" fg_pushedimage="btn_function_space.svg" fgpos="109,37" fgsize="65,15" size="288,94" pos="593,0" longpress="true"/>
        <Key name="wubijuhao" direct_output="true" text="。" output="。" unicode="0x13002" pos="885,0" text_rect_offset="25,-25,0,0"/>  
        <Key function="smart_switch" permission="convert" name="wubichen" style="s_function_key" size="215,94" pos="1031,0" fgimg="btn_function_input_cn.svg" fg_pushedimage="btn_function_input_cn.svg" fgsize="64,64" target_keyboard_layout="Keyboard_en26" />
        <Key function="enter" name="wubienter" style="s_function_key" pos="1250,0" size="215,94" fgimg="btn_function_enter.svg" fg_pushedimage="btn_function_enter_pushed.svg" fgsize="52,32" enter_pys="1"/>
	    <Key name="wubi_00" direct_output="true" text="00" output="00" pos="1477,0"/>
	    <Key name="wubi_0" direct_output="true" text="0" output="0" pos="1623,0"/>
		<Key name="wubi_." direct_output="true" text="." output="." pos="1769,0"/>
      </Layout> 
    </Layout>  
    <!-- English26 symbol keyboard -->  
    <Layout name="Keyboard_en26_Symbol" size="1920, 388" pos="0,80"> 
      <!-- First keyboard line -->  
      <Layout name="en26symbolline1" pos="0,0" size="1920, 76"> 
        <Key name="en26symbol1" direct_output="true" text="1" output="1" pos="9,0"/>  
        <Key name="en26symbol2" direct_output="true" text="2" output="2" pos="115,0"/>  
        <Key name="en26symbol3" direct_output="true" text="3" output="3" pos="221,0"/>  
        <Key name="en26symbol4" direct_output="true" text="4" output="4" pos="327,0"/>  
        <Key name="en26symbol5" direct_output="true" text="5" output="5" pos="433,0"/>  
        <Key name="en26symbol6" direct_output="true" text="6" output="6" pos="539,0"/>  
        <Key name="en26symbol7" direct_output="true" text="7" output="7" pos="645,0"/>  
        <Key name="en26symbol8" direct_output="true" text="8" output="8" pos="751,0"/>  
        <Key name="en26symbol9" direct_output="true" text="9" output="9" pos="857,0"/>  
        <Key name="en26symbol0" direct_output="true" text="0" output="0" pos="963,0"/> 
      </Layout>  
      <!-- Second keyboard line -->  
      <Layout name="en26symbolline2" pos="0,76" size="1920,76"> 
        <Key name="en26symbol21" direct_output="true" text="@" output="@" pos="9,0"/>  
        <Key name="en26symbol22" direct_output="true" text="#" output="#" pos="115,0"/>  
        <Key name="en26symbol23" direct_output="true" text="$" output="$" pos="221,0"/>  
        <Key name="en26symbol24" direct_output="true" text="_" output="_" pos="327,0"/>  
        <Key name="en26symbol25" direct_output="true" text="&amp;" output="&amp;" pos="433,0"/>  
        <Key name="en26symbol26" direct_output="true" text="-" output="-" pos="539,0"/>  
        <Key name="en26symbol27" direct_output="true" text="+" output="+" pos="645,0"/>  
        <Key name="en26symbol28" direct_output="true" text="(" output="(" pos="751,0"/>  
        <Key name="en26symbol29" direct_output="true" text=")" output=")" pos="857,0"/>  
        <Key name="en26symbol20" direct_output="true" text="/" output="/" pos="963,0"/> 
      </Layout>  
      <!-- Third keyboard line -->  
      <Layout name="en26symbolline3" pos="0,152" size="1920,76"> 
        <Key function="replace_switch" permission="allow" text="更多" name="moresymbol" size="155,73" pos="9,0" style="s_function_key" checkedimage="key_func_qwerty_pushed.svg,10,10,10,10" selecttextcolor="0xFF525252" target_keyboard_layout="Keyboard_symbol"/>
        <Key name="en26symbol31" direct_output="true" text="*" output="*" pos="170,0"/>  
        <Key name="en26symbol32" direct_output="true" text="&quot;" output="&quot;" pos="276,0"/>  
        <Key name="en26symbol33" direct_output="true" text="'" output="'" pos="382,0"/>  
        <Key name="en26symbol34" direct_output="true" text=":" output=":" pos="488,0"/>  
        <Key name="en26symbol35" direct_output="true" text=";" output=";" pos="594,0"/>  
        <Key name="en26symbol36" direct_output="true" text="!" output="!" pos="700,0"/>  
        <Key name="en26symbol37" direct_output="true" text="?" output="?" pos="806,0"/>  
        <Key function="delete_switch" permission="return" name="en26symboldelete" size="155,73" fgimg="btn_function_backspace.svg" fg_pushedimage="btn_function_backspace_pushed.svg" fgsize="40,28" pos="912,0" longpress="true" style="s_function_key" target_keyboard_layout="Keyboard_en26_Symbol"/>
      </Layout>  
      <!-- Fourth keyboard line -->  
      <Layout name="en26symbolline4" pos="0,228" size="1920,76"> 
        <Key function="replace_switch" permission="allow" text="ABC" name="en26symbolback" style="s_function_key" size="155,73" pos="9,0" target_keyboard_layout="Keyboard_en26"/>  
        <Key function="replace_switch" permission="allow" text="123" name="en26symbolnumber" style="s_function_key" size="150,73" pos="170,0" target_keyboard_layout="Keyboard_number_en"/>  
        <Key name="en26symboldouhao" direct_output="true" text="," text_rect_offset="5,-25,0,0" output="," unicode="0x002C" pos="326,0"/>  
        <Key function="space" name="en26symbolspace" fgimg="btn_function_space.svg" fg_pushedimage="btn_function_space.svg" fgpos="154,38" fgsize="60,15" size="367,73" pos="433,0" longpress="true"/>
        <Key name="en26symboljuhao" direct_output="true" text="." text_rect_offset="5,-25,0,0" output="." unicode="0x002E" pos="806,0"/>  
        <Key function="enter" name="en26symbolenter" size="155,73" fgimg="btn_function_enter.svg" fg_pushedimage="btn_function_enter_pushed.svg" fgsize="57,32" pos="912,0" enter_pys="1" style="s_function_key"/>
      </Layout> 
    </Layout>  
    <!-- Handwriting vertical half screen keyboard -->  
    <Layout name="Keyboard_handInput_Half" pos="0,76" size="1920, 486" equivalent_list_name="handwriting_list"> 
      <List name="multiListLanHW_Half" pos="-15,-78"/>  
      <Layout name="handInputLeft_Half" pos="0,0" size="235,410"> 
        <Key function="direct_switch" permission="commit" text="符" name="hwsymbol_Half" style="s_function_key" pos="6,9" size="226,94" text_rect_offset="0,-4,0,0" target_keyboard_layout="Keyboard_symbol"/>  
        <Key function="replace_switch" permission="commitUserCand" name="hwhalf" style="s_function_key" size="226,94" pos="9,109" fgimg="btn_handinput_half.svg" fg_pushedimage="btn_handinput_half.svg" fgsize="86,63" fg_pos="70,16" target_keyboard_layout="Keyboard_handInput_Full"/>
        <Key name="hwjuhao_Half" direct_output="true" text="。" output="。" text_rect_offset="20,-25,0,0" style="s_function_key" size="111,94" pos="9,209"/>  
        <Key name="hwdouhao_Half" direct_output="true" text="，" output="，" text_rect_offset="15,-25,0,0" style="s_function_key" size="111,94" pos="127,209"/>  
        <Key function="reset" text="重输" name="hwnumber_Half" size="226,94" pos="9,309" style="s_function_key" text_rect_offset="0,-4,0,0" alternative_text="清空" /> 
      </Layout>  
      <Handinput name="Handinput_Half" bkimage="key_qwerty.svg,10,10,10,10" type="0" pos="239,9" size="996,394" isfullscreen="false" bkcolor="0xffffffff" inkcolor="0xFF000000" mode="0" showstroke="20" line_width="2" line_color="0xFFFF0000" auto_time="1000"/>  
      <Layout name="handInputRight_Half" pos="1239,0" size="226,410"> 
        <Key function="delete_switch" permission="allow" name="hwdelete_Half" size="226,94" fgimg="btn_function_backspace.svg" fg_pushedimage="btn_function_backspace_pushed.svg" fgsize="57,40" pos="0,9" style="s_function_key" longpress="true" target_keyboard_layout="Keyboard_handInput_Half"/>
        <Key function="space" name="hwspace_Half" size="226,94" fgimg="btn_function_space.svg" fg_pushedimage="btn_function_space.svg" fgpos="87,41" fgsize="52,12" pos="0,109" longpress="true" style="s_function_key"/>
        <Key function="switch_hw" name="switch_hw_Half" size="226,94" pos="0,209" text="" style="s_function_key" fgsize="53,53" fgimg="btn_language_switch_earth.svg" fg_pushedimage="btn_language_switch_earth.svg" fg_selectimage="btn_language_switch_earth.svg" />
        <Key function="enter" name="hwenter_Half" size="226,94" fgimg="btn_function_enter.svg" fg_pushedimage="btn_function_enter_pushed.svg" fgsize="52,32" pos="0,309" style="s_function_key"/>
      </Layout> 
	  <Layout name="handInputNumKeyPad_Half" pos="1477,9" size="434,394">
		<Layout name="handInputHalfNumKeyPadline1" pos="0,0" size="434,94">
			<Key name="handInputHalf1" key_process_mode="directOrWithUserCand" text="1" output="1" pos="0,0"/>
			<Key name="handInputHalf2" key_process_mode="directOrWithUserCand" text="2" output="2" pos="146,0"/>
			<Key name="handInputHalf3" key_process_mode="directOrWithUserCand" text="3" output="3" pos="292,0"/>
		</Layout>
		<Layout name="handInputHalfNumKeyPadline2" pos="0,100" size="434,94">
			<Key name="handInputHalf4" key_process_mode="directOrWithUserCand" text="4" output="4" pos="0,0"/>
			<Key name="handInputHalf5" key_process_mode="directOrWithUserCand" text="5" output="5" pos="146,0"/>
			<Key name="handInputHalf6" key_process_mode="directOrWithUserCand" text="6" output="6" pos="292,0"/>
		</Layout>
		<Layout name="handInputHalfNumKeyPadline3" pos="0,200" size="434,94">
			<Key name="handInputHalf7" key_process_mode="directOrWithUserCand" text="7" output="7" pos="0,0"/>
			<Key name="handInputHalf8" key_process_mode="directOrWithUserCand" text="8" output="8" pos="146,0"/>
			<Key name="handInputHalf9" key_process_mode="directOrWithUserCand" text="9" output="9" pos="292,0"/>
		</Layout>
		<Layout name="handInputHalfNumKeyPadline4" pos="0,300" size="434,94">
			<Key name="handInputHalf00" key_process_mode="directOrWithUserCand" text="00" output="00" pos="0,0"/>
			<Key name="handInputHalf0"  key_process_mode="directOrWithUserCand" text="0" output="0" pos="146,0"/>
			<Key name="handInputHalf."  key_process_mode="directOrWithUserCand" text="." output="." pos="292,0"/>
		</Layout>
	  </Layout>
    </Layout>  
    <!-- Handwriting vertical full screen keyboard -->  
    <Layout name="Keyboard_handInput_Full" pos="0,76" size="1920,288" equivalent_list_name="handwriting_list"> 
      <List name="multiListLanHW_Full" pos="-3,-65"/>  
      <Layout name="LayoutVF_Key" pos="0,10" size="1920,94"> 
        <Key name="hwdouhao_Full" direct_output="true" text="，" output="，" size="377,94" pos="9,0" text_rect_offset="16,-25,0,0"/>  
        <Key name="hwjuhao_Full" direct_output="true" text="。" output="。"  size="377,94" pos="390,0" text_rect_offset="16,-25,0,0"/>  
        <Key name="hwwenhao_Full" direct_output="true" text="?" output="? "  size="377,94" pos="771,0" text_rect_offset="0,0,0,0"/>  
        <Key name="hwtanhao_Full" direct_output="true" text="!" output="! "  size="377,94" pos="1152,0" text_rect_offset="0,0,0,0"/>  
        <Key function="delete_switch" permission="allow" name="hwdelete_Full" size="377,94" fgimg="btn_function_backspace.svg" fg_pushedimage="btn_function_backspace_pushed.svg" fgpos="163,27" fgsize="57,40" pos="1533,0" style="s_function_key" longpress="true" target_keyboard_layout="Keyboard_handInput_Full"/>
      </Layout>  
      <Layout name="LayoutVF_FuncKey" pos="0,109" size="1920,94"> 
        <Key function="direct_switch" permission="commit" text="符" name="hwsymbol_Full" style="s_function_key" pos="9,0" size="377,94" target_keyboard_layout="Keyboard_symbol" text_rect_offset="0,-4,0,0"/>         
        <Key function="replace_switch" permission="commitUserCand" name="hwentire_Full" style="s_function_key"  pos="390,0" size="377,94"  fgimg="btn_handinput_full.svg" fg_pushedimage="btn_handinput_full.svg" fgsize="89,65" target_keyboard_layout="Keyboard_handInput_Half"/>
        <Key function="space" name="hwspace_Full" size="377,94" fgimg="btn_function_space.svg" pos="771,0" fg_pushedimage="btn_function_space.svg" fgpos="163,41" fgsize="52,12" longpress="true"/>
        <Key function="switch_hw" name="switch_hw_Full" text=""  size="377,94" pos="1152,0" fgsize="53,53" style="s_function_key" fgimg="btn_language_switch_earth.svg" fg_pushedimage="btn_language_switch_earth.svg" fg_selectimage="btn_language_switch_earth.svg" />	
        <Key function="enter" name="hwenter_Full" size="377,94" fgimg="btn_function_enter.svg" fg_pushedimage="btn_function_enter_pushed.svg" fgpos="162,33" fgsize="52,32" pos="1533,0" style="s_function_key"/>
      </Layout> 
    </Layout>  
    <!-- Number keyboard -->  
	<Layout name="Keyboard_number" pos="0,0" size="556,410" showtoolsbar="false" showcomp="false">
		<Layout name="numberline1" pos="0,1" size="556,409">
			<Key name="number1" direct_output="true" text="1" output="1" style="s_number_key" size="128,88" pos="12,11"  />
			<Key name="number2" direct_output="true" text="2" output="2" style="s_number_key" size="128,88" pos="150,11"  />
			<Key name="number3" direct_output="true" text="3" output="3" style="s_number_key" size="128,88" pos="288,11" />
			<Key function="delete" name="numberdelete" style="s_function_key" size="128,88" fgimg="backspace.svg" fg_pushedimage="backspace_p.svg" fgsize="52,40" pos="426,11" longpress="true"/>
			<Key name="number4" direct_output="true" text="4" output="4" style="s_number_key" size="128,88" pos="12,111" />
			<Key name="number5" direct_output="true" text="5" output="5" style="s_number_key" size="128,88" pos="150,111" />
			<Key name="number6" direct_output="true" text="6" output="6" style="s_number_key" size="128,88" pos="288,111" />
			<Key function="hide" name="numberonlyconfirm" text="完成" style="s_function_key" size="128,88" pos="426,111" />
			<Key name="number7" direct_output="true" text="7" output="7" style="s_number_key" size="128,88" pos="12,211" />
			<Key name="number8" direct_output="true" text="8" output="8" style="s_number_key" size="128,88" pos="150,211" />
			<Key name="number9" direct_output="true" text="9" output="9" style="s_number_key" size="128,88" pos="288,211" />
			<Key function="enter" name="numberconfirm" text="确认" style="s_function_key" size="128,88" pos="426,211"  />
			<Key name="number0" direct_output="true" text="0" output="0" style="s_number_key" size="128,88" pos="12,311" />
			<Key name="number00" direct_output="true" text="00" output="00" style="s_number_key" size="128,88" pos="150,311" />
			<Key name="number." direct_output="true" text="." output="." style="s_number_key" size="128,88" pos="288,311" />
			<Key function="reset" name="numberreset" text="重输" alternative_text="清空" style="s_function_key"  size="128,88" pos="426,311"  />
		</Layout>
	</Layout> 
    <!-- English number keyboard -->  
    <Layout name="Keyboard_number_en" pos="0,80" size="1920, 388"> 
      <!-- Symbol line -->  
      <Layout name="ennumberline0" pos="6,0" size="192,225"> 
        <List name="symbollist_number_en" size="192,225" pos="0,0" direct="vertical" cell_size="192,54" cellpadding="10,5,10,5" selecttextcolor="0xFF2B3547" bkimage="key_qwerty.svg,10,10,10,10" item_widthAutoFit="false" item_heightAutoFit="false" item_textfont="4" item_textcolor="0xFF2B3547" item_minwidth="20" enableselected="false" sep_size="1,170" sep_color="0xFFE5E5E5" support_move="true" item_bkcolor="0xFF24364A" item_normalimage="trans.svg,10,10,10,10" item_pushedimage="btn_no_shadow_pushed.svg,3,3,3,3" dataSource="NumberSymbols"/>
      </Layout>  
      <!-- First keyboard line -->  
      <Layout name="ennumberline1" pos="203,0" size="870,76"> 
        <Key name="ennumber1" direct_output="true" text="1" output="1" style="s_py9_key" size="213,73" pos="0,0"/>  
        <Key name="ennumber2" direct_output="true" text="2" output="2" style="s_py9_key" size="213,73" pos="217,0"/>  
        <Key name="ennumber3" direct_output="true" text="3" output="3" style="s_py9_key" size="213,73" pos="434,0"/>  
        <Key function="delete_switch" permission="allow" name="ennumberdelete" style="s_function_key" size="213,73" fgimg="btn_function_backspace.svg" fg_pushedimage="btn_function_backspace_pushed.svg" fgsize="40,28" pos="654,0" longpress="true" target_keyboard_layout="Keyboard_en26"/>
      </Layout>  
      <!-- Second keyboard line -->  
      <Layout name="ennumberline2" pos="203,76" size="870, 76"> 
        <Key name="ennumber4" direct_output="true" text="4" output="4" style="s_py9_key" size="213,73" pos="0,0"/>  
        <Key name="ennumber5" direct_output="true" text="5" output="5" style="s_py9_key" size="213,73" pos="217,0"/>  
        <Key name="ennumber6" direct_output="true" text="6" output="6" style="s_py9_key" size="213,73" pos="434,0"/>  
        <Key name="ennumberjuhao" direct_output="true" text="." output="." style="s_function_key" size="214,73" pos="654,0"/> 
      </Layout>  
      <!-- Third keyboard line -->  
      <Layout name="ennumberline3" pos="203,152" size="870,76"> 
        <Key name="ennumber7" direct_output="true" text="7" output="7" style="s_py9_key" size="213,73" pos="0,0"/>  
        <Key name="ennumber8" direct_output="true" text="8" output="8" style="s_py9_key" size="213,73" pos="217,0"/>  
        <Key name="ennumber9" direct_output="true" text="9" output="9" style="s_py9_key" size="213,73" pos="434,0"/>  
        <Key name="ennumber@" direct_output="true" text="@" output="@" style="s_function_key" size="213,73" pos="654,0"/> 
      </Layout>  
      <!-- Fourth keyboard line -->  
      <Layout name="ennumberline4" pos="6,228" size="1071, 76"> 
        <Key function="replace_switch" permission="allow" text="!?#" name="ennumbersymbol" style="s_function_key" size="192,73" pos="0,0" target_keyboard_layout="Keyboard_en26_Symbol"/>  
        <Key function="return_switch" permission="allow" name="ennumberback" style="s_function_key" fgimg="btn_function_back.svg" fg_pushedimage="btn_function_back_pushed.svg" fgsize="36,28" size="213,73" pos="197,0" target_keyboard_layout="Keyboard_en26"/>
        <Key name="ennumber0" direct_output="true" text="0" output="0" style="s_py9_key" size="213,73" pos="414,0"/>  
        <Key function="space" name="ennumberspace" style="s_function_key" fgimg="btn_function_space.svg" fg_pushedimage="btn_function_space.svg" fgpos="76,38" fgsize="60,15" size="213,73" pos="631,0" longpress="true"/>
        <Key function="enter" name="ennumberenter" style="s_function_key" fgimg="btn_function_enter.svg" fg_pushedimage="btn_function_enter_pushed.svg" fgsize="57,32" size="213,73" pos="851,0" enter_pys="1"/>
      </Layout> 
    </Layout>  
    <!-- Switch Keyboard -->  
    <Layout name="Keyboard_switch" pos="0,76" size="1920, 486" equivalent_list_name="tool_bar_list"> 
	<Layout name="switch_layout1" pos="0,0" size="1920,410" bkimage="main_wnd_function_bg.svg,3,3,3,3" >
	  <Key function="replace_switch" permission="clear" name="switchPY26"  size="150,167" pos="330,32"  style="s_switch_keyboard_key"  fgsize="86,79" fgpos="30,13" fgimg_stretch_align="hcenter" fgimg="ime_switch_pinyin26_normal.svg" select="1" fg_pushedimage="ime_switch_pinyin26_pushed.svg" select_bkcolor="0x00000000" fg_selectimage="ime_switch_pinyin26_pushed.svg" text="拼音全键" text_rect="0,110,0,0" selecttextcolor="0xFFFF642B" font="4" target_keyboard_layout="Keyboard_py26" />      
      <Key function="replace_switch" permission="clear" name="switchPY9"   size="150,167" pos="700,32"  style="s_switch_keyboard_key"  fgsize="86,79" fgpos="30,13" fgimg_stretch_align="hcenter" fgimg="ime_switch_pinyin9_normal.svg" fg_pushedimage="ime_switch_pinyin9_pushed.svg" select_bkcolor="0x00000000" fg_selectimage="ime_switch_pinyin9_pushed.svg" text="拼音九键" text_rect="0,110,0,0" selecttextcolor="0xFFFF642B" font="4" target_keyboard_layout="Keyboard_py9" />      
	  <Key function="replace_switch" permission="clear" name="switchEN26"  size="150,167" pos="1076,32" style="s_switch_keyboard_key"  fgsize="86,79" fgpos="30,13" fgimg_stretch_align="hcenter" fgimg="ime_switch_en26_normal.svg" fg_pushedimage="ime_switch_en26_pushed.svg" select_bkcolor="0x00000000" fg_selectimage="ime_switch_en26_pushed.svg" text="英文全键" text_rect="0,110,0,0" selecttextcolor="0xFFFF642B" font="4" target_keyboard_layout="Keyboard_en26" />
      <Key function="replace_switch" permission="clear" name="switchWUBI"  size="150,167" pos="1446,32" style="s_switch_keyboard_key"  fgsize="86,79" fgpos="30,13" fgimg_stretch_align="hcenter" fgimg="ime_switch_wubi_normal.svg" fg_pushedimage="ime_switch_wubi_pushed.svg" select_bkcolor="0x00000000" fg_selectimage="ime_switch_wubi_pushed.svg" text="五笔" text_rect="0,110,0,0" selecttextcolor="0xFFFF642B" font="4" target_keyboard_layout="Keyboard_wubi" />            
	  <Key function="replace_switch" permission="clear" name="switchBIHUA" size="150,167" pos="330,228" style="s_switch_keyboard_key"  fgsize="86,79" fgpos="30,13" fgimg_stretch_align="hcenter" fgimg="ime_switch_bihua_normal.svg" fg_pushedimage="ime_switch_bihua_pushed.svg" select_bkcolor="0x00000000" fg_selectimage="ime_switch_bihua_pushed.svg" text="笔画" text_rect="0,110,0,0" selecttextcolor="0xFFFF642B" font="4" target_keyboard_layout="Keyboard_bihua" />            
	</Layout>
    </Layout>
	 <!-- Setting Keyboard -->
	<Layout name="Keyboard_setting" pos="0,76" size="1920,486" equivalent_list_name="tool_bar_list">
             <Layout name="setting_layout1" pos="0,0" size="1920,410" bkimage="main_wnd_function_bg.svg,3,3,3,3" >
		<Key function="direct_switch" permission="allow" name="FuzzyToneSetting" style="s_switch_keyboard_key" size="182,167" pos="677,109" fgsize="105,105" fgpos="39,15" fgimg_stretch_align="hcenter" fgimg="mohuyin_setting.svg" fg_pushedimage="mohuyin_setting.svg" select_bkcolor="0x00000000" fg_selectimage="ime_function_setting_normal.svg" text="模糊音设置" text_rect="6,116,0,12" selecttextcolor="0xFFFF642B" font="5" target_keyboard_layout="Keyboard_fuzzytone_select" />
		<Key name="TraditionInput"   style="s_settings_key" size="150,167" pos="1070,109" fgsize="105,105" fgpos="24,13" fgimg="fan_off.svg" fg_selectimage="fan_on.svg" fg_pushedimage="fan_on.svg" select_bkcolor="0x00000000" text="繁体输入" text_rect="0,116,0,12" selecttextcolor="0xFFFF642B" font="7" />
             </Layout>
	</Layout>
	<!-- Direction Function key Keyboard -->
	<Layout name="Keyboard_direction" pos="0,0" size="1920,486" bkimage="main_wnd_function_bg.svg,3,3,3,3" showtoolsbar="false" equivalent_list_name="tool_bar_list">
		<Layout name="directionline1" pos="1,0" size="1918,76" bkimage="candidate_bg.svg" self_adjust_flag="true" self_adjust_size="2,0">
			<Text text="移动光标" name="direction_text" style="s_direction_key" font="3" size="156,51" pos="882,12"/>
			<Key name="directionsplite" bkimage="toolsbar_splitline.svg" size="1,54" pos="1705,11" style="s_toolsBar_key"/>
			<Key function="return_switch" name="directionback" bkimage="trans.svg"  normalimage="trans.svg" pushedimage="btn_no_shadow_pushed.svg,3,3,3,3" fgimg="btn_function_return_inputpage.svg" fg_pushedimage="btn_function_return_inputpage.svg" fgsize="44,33"  size="214,76" pos="1705,0" target_keyboard_layout="Keyboard_py26"/>
		</Layout>
		<Layout name="directionline2" pos="1,76" size="1920,410" self_adjust_flag="true" self_adjust_size="2,0">
			<Key name="ime_func_up" function="edit_up" style="s_direction_key"       size ="140,104" pos="912,50"   fgpos="40,22" fgsize="60,60" fgimg="ime_function_up.svg"    fg_pushedimage="ime_function_up.svg"    longpress="true"/>
			<Key name="ime_func_down" function="edit_down" style="s_direction_key"   size ="140,104" pos="912,274"  fgpos="40,22" fgsize="60,60" fgimg="ime_function_down.svg"  fg_pushedimage="ime_function_down.svg"  longpress="true"/>
			<Key name="ime_func_right" function="edit_right" style="s_direction_key" size ="140,104" pos="1150,153" fgpos="40,22" fgsize="60,60" fgimg="ime_function_right.svg" fg_pushedimage="ime_function_right.svg" longpress="true"/>
			<Key name="ime_func_left" function="edit_left" style="s_direction_key"   size ="140,104" pos="670,153"  fgpos="40,22" fgsize="60,60" fgimg="ime_function_left.svg"  fg_pushedimage="ime_function_left.svg"  longpress="true"/>
		</Layout>
	</Layout>
    <!-- Voice recognition keyboard -->  
    <Layout name="Keyboard_voice" pos="0,0" size="1920, 486" showtoolsbar="false" equivalent_list_name="tool_bar_list"> 
      <!-- First keyboard line -->  
      <Layout name="voiceline1" pos="1,0" size="1918, 76" bkimage="voice_background.svg,1,1,1,1" self_adjust_flag="true" self_adjust_size="2,0">
        <Key text="转文字" name="voice_to_text" bkimage="trans.svg" normalimage="trans.svg" pushedimage="trans.svg" font="3" size="117,51" pos="902,12"/>  
		<Key name="voicesplite" bkimage="toolsbar_splitline.svg" size="1,54" pos="1705,11" style="s_toolsBar_key"/>
        <Key function="return_switch" name="voiceback" bkimage="trans.svg" normalimage="trans.svg" pushedimage="btn_no_shadow_pushed.svg,3,3,3,3" fgimg="btn_function_return_inputpage.svg" fg_pushedimage="btn_function_return_inputpage.svg" fgsize="44,33" size="214,76" pos="1705,0" target_keyboard_layout="Keyboard_py26"/>
      </Layout>  
      <!-- Second keyboard line -->  
      <Layout name="voiceline2" pos="1,76" size="1918, 410" bkimage="trans.svg,2,2,2,2" self_adjust_flag="true" self_adjust_size="2,0"> 
        <Key name="voice_language_button" font="7" align="left" text=""  text_rect_offset="17,0,0,0" normalimage="voice_language.svg,30,30,4,4" hotimage="voice_language.svg,30,30,4,4" pushedimage="voice_language_p.svg,30,30,4,4" longpress="false" size="114,62" pos="30,20"/>  
        <Key name="voice_select_language" bkimage="trans.svg" normalimage="trans.svg" pushedimage="trans.svg" pos="105,20" longpress="false" size="39,62" fgsize="24,14" fgpos="0,24" fgimg="voice_selected_arrow.svg" fg_pushedimage="voice_selected_arrow.svg" fg_selectimage="voice_selected_arrow.svg"/>  
        <Tab name="VoiceKeyboardState" default="voiceinit" size="1920, 410" pos="0,76"> 
          <!-- voice start -->  
          <Layout name="voiceinit" pos="0,0" size="1918, 410"> 
            <Key text="点击按钮开始" name="voice_language_start" textcolor="0xFFB9B9B9" font="5" bkimage="trans.svg" normalimage="trans.svg" pushedimage="trans.svg" size="192,47" pos="864,182"/>  
            <Key name="voice_start" bkimage="voice_button.svg" normalimage="voice_button.svg" pushedimage="button_press.svg" size="100,100" pos="910,290" vertical_equal_proportion_stretch="true" /> 
          </Layout>  
          <!-- voice speak -->  
          <Layout name="voicespeak" pos="0,0" size="1918, 410"> 
            <Key text="请说话" name="voice_language_speak" textcolor="0xFFB9B9B9" font="5" bkimage="trans.svg" normalimage="trans.svg" pushedimage="trans.svg" size="182,47" pos="869,65"/>  
            <Voicewave name="volume_wave" size="957, 120" pos="480,138" countshow="59" minHeight="10" waveimg="voice_wave.svg,2,2,2,2"/>
            <Key name="voice_stop" text="说完了" bkimage="voice_button_bg.svg" normalimage="voice_button_bg.svg" pushedimage="button_press.svg" font="7" textcolor="0xFFFFFFFF" size="100,100" pos="910,290" vertical_equal_proportion_stretch="true"/> 
          </Layout>  
          <!-- voice error -->  
          <Layout name="voiceerror" pos="0,0" size="1918, 410"> 
            <Key name="voice_error_image" bkimage="sogou_error_img_no_network.svg" normalimage="trans.svg" size="157,147" pos="461,0"/>  
            <Key name="voice_error_code" text="网络不给力，请检查网络状况" bkimage="trans.svg" normalimage="trans.svg" pushedimage="trans.svg" textcolor="0xFFB9B9B9" font="7" size="360,32" pos="360,167"/> 
          </Layout> 
        </Tab> 
      </Layout> 
    </Layout>  
	<!-- Symbol keyboard -->  
	<Layout name="Keyboard_symbol" pos="0,0" size="1920, 486"> 
	  <!-- First keyboard line -->  
      <Layout name="symbolline1" pos="1,1" size="1644,396"> 
        <ScrollGrid name="SymbolsGrid" pos="0,0" size="1644,396" col="6" row="4" font="0" textcolor="0xFF515151" selecttextcolor="0xFF515151" bkcolor="0xFFFFFFFF" item_hotcolor="0xFFFFFFFF" item_widthAutoFit="true" item_heightAutoFit="false" item_textfont="0" item_textcolor="0xFF515151" item_bkcolor="0xFFFFFFFF" sep_size="2,25" sep_color="0xFF24364A" item_pushedcolor="0xFFE5E5E5" grid_expand_mode="last_min" show_gridline="0" line_color="0xFFC7C7C7" line_width="0" bindPageUpBtn="SymbolsGrid_up" bindPageDownBtn="SymbolsGrid_down" autolistPaintOffset="1"/> 
      </Layout>  
      <!-- Second keyboard line -->  
      <Layout name="symbolline2" pos="1643,0" size="277,396"> 
        <Key function="return_switch" name="symbolback" style="s_function_key" normalimage="morecand_bg.svg,2,2,2,2" pushedimage="morecand_bg_pushed.svg,2,2,2,2" disabledimage="morecand_bg.svg,2,2,2,2" fgimg="btn_function_back.svg" fg_pushedimage="btn_function_back_pushed.svg" fgsize="48,36" size="277,99" pos="0,0" target_keyboard_layout="Keyboard_py26"/>
        <Key name="SymbolsGrid_up" style="s_function_key" normalimage="morecand_bg.svg,2,2,2,2" pushedimage="morecand_bg_pushed.svg,2,2,2,2" disabledimage="morecand_bg.svg,2,2,2,2" fgimg="btn_symbols_pageup.svg" fg_pushedimage="btn_symbols_pageup_pushed.svg" fgsize="42,52" size="277,99" pos="0,99" fg_disabledimage="btn_symbols_pageup_disabled.svg"/>  
        <Key name="SymbolsGrid_down" style="s_function_key" normalimage="morecand_bg.svg,2,2,2,2" pushedimage="morecand_bg_pushed.svg,2,2,2,2" disabledimage="morecand_bg.svg,2,2,2,2" fgimg="btn_symbols_pagedown.svg" fg_pushedimage="btn_symbols_pagedown_pushed.svg" fgsize="42,52" size="277,99" pos="0,198" fg_disabledimage="btn_symbols_pagedown_disabled.svg"/>  
        <Key name="symlock" style="s_function_key" normalimage="morecand_bg.svg,2,2,2,2" pushedimage="morecand_bg_pushed.svg,2,2,2,2" disabledimage="morecand_bg.svg,2,2,2,2" pos="0,297" fgimg="btn_symbols_lock.svg" fg_pushedimage="btn_symbols_lock_pushed.svg" fgsize="72,55"  size="277,99" toggle="1" toggle_fgimg="btn_symbols_lock_toggle.svg" toggle_fg_pushedimage="btn_symbols_lock_toggle_pushed.svg"/> 
      </Layout>  
      <!-- Third keyboard line -->  
      <Layout name="symbolline3" pos="0,395" size="1920,89"> 
        <TabList name="listscroll_sympages" direct="horizon" size="1918,89" pos="1,0" cell_size="201,90" font="2" textcolor="0xFF515151" selecttextcolor="0xFF515151" hovertextcolor="0xFF515151" pushtextcolor="0xFF515151" bkcolor="0xFFDEDEDE" item_widthAutoFit="false" item_heightAutoFit="false" item_textfont="7" item_textcolor="0xFF515151" item_minwidth="20" enableselected="false" sep_size="1,72" sep_color="0xFFABABAB" support_move="true" item_normalimage="morecand_bg.svg,2,2,2,2" item_pushedimage="morecand_bg.svg,2,2,2,2" item_checkedimage="morecand_bg_pushed.svg,2,2,2,2" dataSource="Symbols" bindContainer="SymbolsGrid"/> 
      </Layout>
    </Layout>
    <!-- More Candidate keyboard-->  
    <Layout name="keyboard_moreCand" pos="0,0" size="1920, 486"> 	
      <!-- First keyboard line -->  
      <Layout name="moreCandline1" pos="1,1" size="1644,486"> 
		<ScrollGrid name="MoreCandGrid" pos="0,0" size="1644,482" maxwidth="1644" selecttextcolor="0xFFFF642B" bkcolor="0xFFFFFFFF" col="6" row="4" font="0" item_fgsize="15,15" textcolor="0xFF515151" hovertextcolor="0xFF515151" pushtextcolor="0xFF515151" item_bkcolor="0xFFFFFFFF" item_hotcolor="0xFFFFFFFF" item_widthAutoFit="true" item_heightAutoFit="true" item_textfont="0" item_textcolor="0xFF515151" item_correctimg="correctmark.svg" item_correctselectimg="correctmarkh.svg" item_cloudimg="cloud_correct.svg" item_cloudselectimg="cloud_correct_h.svg" sep_size="2,25" sep_color="0xFF24364A" item_pushedcolor="0xFFE5E5E5" grid_expand_mode="last_min" show_gridline="1" line_color="0xFFC7C7C7" line_width="1" autolistPaintOffset="1"/> 
	  </Layout>  
      <!-- Second keyboard line -->  
      <Layout name="moreCandline2" pos="1643,0" size="277,486"> 
        <Key function="return_switch" name="morecandback" style="s_function_key" normalimage="morecand_bg.svg,2,2,2,2" pushedimage="morecand_bg_pushed.svg,2,2,2,2" fgimg="btn_function_back.svg" fg_pushedimage="btn_function_back_pushed.svg" fgsize="60,45" size="277,121" pos="0,0" target_keyboard_layout="Keyboard_py26"/>  
        <Key function="delete_switch" permission="return" name="morecanddelete" style="s_function_key" normalimage="morecand_bg.svg,2,2,2,2" pushedimage="morecand_bg_pushed.svg,2,2,2,2" fgimg="btn_function_backspace.svg" fg_pushedimage="btn_function_backspace_pushed.svg" fg_disabledimage="delete_disable_p.svg" fgsize="65,45" size="277,121" pos="0,121" target_keyboard_layout="Keyboard_py26"/>
        <Key function="return_switch" permission="clear" name="morecandreset" text="重输" style="s_function_key" normalimage="morecand_bg.svg,2,2,2,2" pushedimage="morecand_bg_pushed.svg,2,2,2,2" size="277,121" pos="0,242" fgsize="62,30" target_keyboard_layout="Keyboard_py26" font="1" />  
        <Key name="all_single_cand" style="s_function_key" normalimage="morecand_bg.svg,2,2,2,2" pushedimage="morecand_bg_pushed.svg,2,2,2,2" disabledimage="morecand_bg.svg,2,2,2,2" fgsize="116,66" size="277,121" pos="0,363" fgimg="btn_function_filter_all.svg" fg_pushedimage="btn_function_filter_all.svg" fg_disabledimage="btn_symbols_lock_disabled.svg" toggle="1" toggle_fgimg="btn_function_filter_single.svg" toggle_fg_pushedimage="btn_function_filter_single.svg" textcolor="0xFFFFFFFF"/>  
        
        <Key function="enter" name="morecandEnenter" style="s_function_key" normalimage="morecand_bg.svg,2,2,2,2" pushedimage="morecand_bg_pushed.svg,2,2,2,2" disabledimage="morecand_bg.svg,2,2,2,2" fgsize="57,36" size="277,121" pos="0,363" fgimg="btn_function_enter.svg" fg_pushedimage="btn_function_enter_pushed.svg" textcolor="0xFFFFFFFF"/>
        <Key name="morecandBHpageup" style="s_function_key" normalimage="morecand_bg.svg,2,2,2,2" pushedimage="morecand_bg_pushed.svg,2,2,2,2" disabledimage="morecand_bg.svg,2,2,2,2" fgimg="btn_symbols_pageup.svg" fg_pushedimage="btn_symbols_pageup_pushed.svg" fg_disabledimage="btn_symbols_pageup_disabled.svg" fgsize="42,52" size="277,121" pos="0,121"/>  
        <Key name="morecandBHpagedown" style="s_function_key" normalimage="morecand_bg.svg,2,2,2,2" pushedimage="morecand_bg_pushed.svg,2,2,2,2" disabledimage="morecand_bg.svg,2,2,2,2" fgimg="btn_symbols_pagedown.svg" fg_pushedimage="btn_symbols_pagedown_pushed.svg" fg_disabledimage="btn_symbols_pagedown_disabled.svg" size="277,121" pos="0,242" fgsize="42,52"/>  
        <Key name="morecandBHlock" style="s_function_key" normalimage="morecand_bg.svg,2,2,2,2" pushedimage="morecand_bg_pushed.svg,2,2,2,2" disabledimage="morecand_bg.svg,2,2,2,2" fgsize="72,55" size="277,121" pos="0,363" fgimg="btn_symbols_lock_toggle_disabled.svg" fg_pushedimage="btn_symbols_lock_toggle_disabled.svg" textcolor="0xFFFFFFFF"/> 
      </Layout> 
    </Layout>  
	<!-- Fuzzy Setting Keyboard -->
	<Layout name="Keyboard_fuzzytone_select" pos="0,0" size="1920,486" showtoolsbar="false">
		<Layout name="fuzzy_select_line1" pos="1,1" size="1918,75" bkimage="voice_background.svg" >
			<Text text="模糊音设置" name="fuzzy_setting" style="s_toolsBar_key" font="3" size="195,51" pos="863,12" />
		    <Key name="fuzzysplite" bkimage="toolsbar_splitline.svg" size="1,54" pos="1705,11" style="s_toolsBar_key"/>			
			<Key function="return_switch" permission="allow" name="fuzzy_back" bkimage="trans.svg" style="s_toolsBar_key" fgimg="btn_function_return_inputpage.svg" fg_pushedimage="btn_function_return_inputpage.svg" fgsize="44,33" size="214,76" pos="1705,0" fg_pos="77,22" target_keyboard_layout="Keyboard_setting" />
	    </Layout>
		<Layout name="fuzzy_select_line2" pos="1,76" size="1918,410">
			<Key name="FuzzyToneAllSelected" size="1918,100" pos="0,0" visiable="true" fgpos="1808,34" fgsize="32,32" fgimg="mohuyin_check.svg" fg_selectimage="mohuyin_check_p.svg" text="模糊音全选" font="2" align="left" text_rect_offset="70,0,0,0" selecttextcolor="0xFFFF642B" normalimage="trans.svg" pushedimage="trans.svg" hotimage="trans.svg" />
			<!-- Fuzzy Setting Style -->

			<List name="FuzzyToneData" bkcolor="0xFFFAFAFA" pos="0,0" size="1918,409" itemCnt="4" enableselected="false" text_rect_offset="70,0,0,0" align="left" direct="vertical" cell_size="1918,84" 
			space="1" selecttextcolor="0xff5f6267" item_textDisabledColor="0x4D5f6267" item_textcolor="0xff5f6267" item_textfont="4" item_bkcolor="0xFFFAFAFA" item_normalimage="trans.svg" item_hotimage="fuzzy_item_hover.png"
			item_pushedimage="fuzzy_item_pushed.png" item_checkedimage="fuzzy_item_normal.png" item_checkedhotimage="fuzzy_item_hover.png" item_fgpos="1808,24" item_fgsize="32,32" item_fgimg="mohuyin_check.svg"
			item_fg_checkedimage="mohuyin_check_p.svg" set_sep_offset="true" sep_size="1,1918" sep_offset="1,0,1918,0" sep_color="0xFFDCDCDC"/>		
		</Layout>
	</Layout>
	<!-- Fuzzy Setting Keyboard end-->
    <!-- Long press bubble -->  
    <LPContainer name="longpress_popup" size="1920,388" pos="0,0" direct="horizon" longpress_bkimg="longpress_bg.svg,16,14,16,20" longpress_item_normalimage="trans.svg" longpress_item_selectimage="longpress_item_selected.svg,16,15,16,15" longpress_item_width="60" longpress_item_hight="60" containerpadding="10,11,10,12" longpress_item_shadow="1"/>
  </Tab>
</Window>
