<Window size="1920,1080" bkcolor="0x99000000" name="multiLanguageVoiceList" enablemove="false">
 <!--  0  -->
<Font name="微软雅黑" size="12"/>
 <!--  1  -->
<Font name="微软雅黑" size="14"/>
 <!--  2  -->
<Font name="微软雅黑" size="18"/>
 <!--  3  -->
<Font name="微软雅黑" size="29"/>
 <!--  4  -->
<Font name="微软雅黑" size="35"/>
 <!--  5  -->
<Font name="微软雅黑" size="46"/>
 <!--  6  -->
<Font name="微软雅黑" size="54"/>

	<Button name="logo" size="960,138" pos="480,238" text="语种选择" font="6" fgimg_stretch_align="vcenter" textcolor="0xff2c2e31" align="left" text_rect_offset="144,-8,0,0" bkimage="language_select_bg.svg"  normalimage="trans.svg" hotimage="trans.svg" pushedimage="" fgimg="voice_language_select_logo.svg" fgsize="66,66" fgpos="48,35" />
	<List name="multiLanguageList" bkcolor="0xffffffff" pos="480,377" size="960,464" itemCnt="5" enableselected="false"
	text_rect_offset="48,0,0,0" align="left" direct="vertical" cell_size="960,120" space="42" item_textfont="6" item_bkcolor="0xffff0000"
	selecttextcolor="0xff5f6267" item_textDisabledColor="0x4D5f6267" item_textcolor="0xff5f6267" item_hotcolor="0xff5f6267" item_pushedcolor="0xff5f6267" 
	item_normalimage="list_normal.svg" item_hotimage="list_press.svg" item_pushedimage="list_press.svg"  
	item_fgpos="850,30" item_fgsize="60,60" item_fgimg="voice_unselect.svg" item_fg_checkedimage="voice_select.svg"/>

</Window>