<?xml version="1.0" encoding="utf-8" standalone="yes" ?>
 <Window name="WndExpireNotice" size="350,210" bkimage="bg.png,4,4,4,4" enablemove="true">
	<Font name="微软雅黑" size="14"/> <!-- 0 -->
       <Font name="微软雅黑" size="12"/> <!-- 1 -->
	<Layout name="notice_title" pos="0,0" size="350,30" >
             <Button name="logo" normalimage="file='logo.svg'" size="22,22" pos="9,6" />
		<Text name="title" text="过期提醒" size="90,20" align="left" pos="40,5" textcolor="0xFF000000" font="0"/>
             <Button name="close" text="" pos="321,1" bkimage="trans.png" size="28,28" font="0" textcolor="0xFFFF7846" hotimage="popup_close_hover.svg" normalimage="popup_close_default.svg" pushedimage="popup_close_pressed.svg" align="left"/>
	</Layout>
      <Layout name="notice_content" pos="0,40" size="350,100" >
             <Button name="tips_pic" normalimage="file='notice.png'" size="55,55" pos="38,30" />
             <Text name="line1" text="过期提醒" size="245,20" align="left" pos="100,21" textcolor="0xFF000000" font="0"/>
             <Text name="line2" text="过期提醒" size="245,20" align="left" pos="100,46" textcolor="0xFF000000" font="0"/>
             <Text name="line3" text="过期提醒" size="245,20" align="left" pos="100,71" textcolor="0xFF000000" font="0"/>
      </Layout>
      <Layout name="notice_ok" pos="0,160" size="350,50" >
             <Button name="ok" text="确定" textcolor="0xff222222" normalimage="file='button.svg' source='0,0,1,28'" hotimage="file='button.svg' source='1,0,2,28'" pushedimage="file='button.svg' source='2,0,3,28'" size="90,30" pos="130,0" font="0"/>
      </Layout>
</Window>
