<?xml version="1.0" encoding="utf-8" standalone="yes" ?>
<Window size="333,59" bkimage="bar.svg,35,20,25,25" name="statusWnd">
	<Font name="微软雅黑" size="24"/> <!-- 0 -->
	<Control name="logo" bkimage="logo1.svg" size="29,29" pos="15,15" visible="true" />
	<Button name="language" size="22,22" pos="44,18" />
	<Button name="jaOutCharType" size="22,22" pos="67,18" />
	<Button name="jaRomaKana" size="40,22" pos="90,18" />
	<Button name="punctuation" size="22,22" pos="131,18" />
	<Button name="pinyinwubi" size="22,22" pos="154,18"/>
	<Button name="handInput" normalimage="handinput1.svg" hotimage="handinput1_hover.svg" pushedimage="handinput1_press.svg" disabledimage="handinput1_disable.svg" size="22,22" pos="177,18"/>
    <Button name="rarewordMode" size="22,22" pos="200,18"/>
	<Button name="voiceInput" normalimage="voice1.svg" hotimage="voice1_hover.svg" pushedimage="voice1_press.svg" disabledimage="voice1_disable.svg" size="22,22" pos="223,18"/>
	<Button name="voiceControl" normalimage="voiceOperation.svg" hotimage="voiceOperation_hover.svg" pushedimage="voiceOperation_press.svg" disabledimage="voiceOperation_disable.svg" size="22,22" pos="246,18"/>
	<Button name="voiceTTS" normalimage="tts_normal.svg" hotimage="tts_hover.svg" pushedimage="tts_press.svg" disabledimage="tts_disable.svg" size="22,22" pos="269,18"/>
	<Button name="setting" normalimage="setting.svg" hotimage="setting_hover.svg" pushedimage="setting_press.svg" disabledimage="setting_disable.svg" size="22,22" pos="292,18"/>
	<Control name="wndShadow" size="0,0" pos="-1,-1" padding="15,15,15,15"/>
	
</Window>
