<?xml version="1.0" encoding="utf-8" standalone="yes" ?>
 <Window name="WndPop" size="368,228" bkimage="bg.png,9,9,9,9"> 
	<Font name="微软雅黑" size="16"/> <!-- 0 -->
	<Font name="微软雅黑" size="14"/> <!-- 1 -->
	<Font name="微软雅黑" size="12"/> <!-- 2 -->
	<Button name="logo" normalimage="logo.svg" size="21,21" pos="18,15" />
	<Text text="更新" name="Title" size="32,16" pos="45,18" font="0" textcolor="0xff000000" />
	<Button name="close" normalimage="close/close-default.svg" hotimage="close/close-hover.svg"	pushedimage="close/close-click.svg"
	disabledimage="close/close-disable.svg" size="30,28" pos="328,10" />
	<Button name="hint" normalimage="hint.svg" size="48,48" pos="40,82" />
	<Text name="tips" text="" size="238,34" align="left" pos="94,89" textcolor="0xff000000" font="1"/>
	<Button name="confirm" text="确定" textcolor="0xff000000" font="1" normalimage="confirm/confirm_normal.svg" hotimage="confirm/confrim_hover.svg"
	pushedimage="confirm/confirm_press.svg" disabledimage="confirm/confirm_disable.svg" size="90,30" pos="84,173" />
	<Button name="cancel" text="退出" textcolor="0xff000000" font="1" normalimage="cancel/cancel_normal.svg" hotimage="cancel/cancel_hover.svg"
	pushedimage="cancel/cancel_press.svg" disabledimage="cancel/cancel_disable.svg" size="90,30" pos="194,173" />
</Window>


