<?xml version="1.0" encoding="utf-8" standalone="yes" ?>

 <Window name="WndExpireTips" size="127,50" bkimage="wnd_popup.svg,4,4,4,4" enablemove="false"> 
       <Font name="微软雅黑" size="14"/> <!-- 0 -->
	<Font name="微软雅黑" size="12"/> <!-- 1 -->
	<Layout name="auth_tips_layout" pos="0,0" size="127,50" InternalTextMargin="12,8">
		<Text name="wnd_expire_tips1" text="" size="90,15" align="left" pos="12,5" textcolor="0xFF616161" font="1"/>
		<Text name="wnd_expire_tips2" text="" size="90,15" align="left" pos="80,21" textcolor="0xFF616161" font="1"/>
		<Button name="wnd_overdue_close" normalimage="file='wndexpire_close.png' source='0,0,16,16'" hotimage="file='wndexpire_close.png' source='16,0,32,16'"
	pushedimage="file='wndexpire_close.png' source='32,0,48,16'" size="16,16" pos="136,1" />
            <Button name="wnd_expire_active" text="立即激活" pos="12,25" bkimage="trans.png" size="90,20" font="1" textcolor="0xFFFF7846" pushtextcolor="0xFFF0622D" hovertextcolor="0xFFF0622D" hotimage="trans.png" normalimage="trans.png" pushedimage="trans.png" align="left"/>
	</Layout>
</Window>


