<?xml version="1.0" encoding="utf-8" standalone="yes" ?>
<Window size="553,430" bkimage="bg.svg,11,11,11,11" name="handinputWnd">
	<Font name="微软雅黑" size="18"/> <!-- 0 -->
	<Font name="微软雅黑" size="12"/> <!-- 1 -->
	<Font name="微软雅黑" size="14"/> <!-- 2 -->
	<Font name="微软雅黑" size="18"/> <!-- 3 -->

	<Button name="logo" normalimage="file='logo.svg'" size="20,20" pos="20,20" />
	<Text text="手写输入" size="10,20" autofixW="true" pos="46,20" textcolor="0xff222222" font="3"/>
	
	<Button name="setting"
	normalimage="file='setting_normal.svg' corner='2,2,2,2'"
	hotimage="file='setting_hover.svg' corner='2,2,2,2'"
	pushedimage="file='setting_push.svg' corner='2,2,2,2'" size="24,28" pos="445,12" />
	
	<Control name="dividing_line" bkimage="dividing_line_v.svg" size="1,14" pos="475,20" />
	
	<Button name="Minimize"
	normalimage="file='min_normal.svg' corner='2,2,2,2'"
	hotimage="file='min_hover.svg' corner='2,2,2,2'"
	pushedimage="file='min_push.svg' corner='2,2,2,2'" size="24,28" pos="486,12" />

	<Button name="Close"
	normalimage="file='close_normal.svg' corner='2,2,2,2'"
	hotimage="file='close_hover.svg' corner='2,2,2,2'"
	pushedimage="file='close_push.svg' corner='2,2,2,2'" size="30,28" pos="511,12" />
	
	<PcHandinput name="handinput" pos="21,94" size="510,316"
	bkimage="hand_rect_bg.svg" inkcolor="0xff696d6f" mode="1" inkwidth="6" auto_time="500"> </PcHandinput>

	<List name="Candidates" pos="21,51" size="510,44" itemCnt="10" enableselected="false"
	bkimage="candflame.svg,2,2,2,2" selecttextcolor="0xff000000" text_rect_offset="6,0,6,0"
	direct="horizon" cell_size="50,44" space="1" item_minwidth="50" item_widthAutoFit="true" item_heightAutoFit="false" item_textfont="0" 
	item_textcolor="0xff000000" sep_size="1,41" sep_color="0xffE2E7EB" support_move="true"
	item_bkcolor="0xFF24364A"
	item_normalimage="file='cand.svg' source='0,0,10,10' corner='2,2,2,2'"
	item_hotimage="file='cand.svg' source='10,0,20,10' corner='2,2,2,2'"
	item_checkedimage="file='cand.svg' source='10,0,20,10' corner='2,2,2,2'"
	item_pushedimage="file='cand.svg' source='20,0,30,10' corner='2,2,2,2'" />	
	
	<Control name="btntoolsbg" bkimage="toolsbtn_bg.svg" pos="21,382" size="179,28" visible="true" />
	
	<Button name="drawback" size="90,28" pos="21,382" text="退一笔" text_rect="36,3,18,3" font="1" textcolor="0xff000000" disabledtextcolor="0x80222222"
	normalimage="file='button_normal_without_border.svg' corner='2,2,2,2'"
	hotimage="file='button_hover.svg' corner='2,2,2,2'"
	pushedimage="file='button_press.svg' corner='2,2,2,2'"
	disabledimage="file='button_disable.svg' corner='2,2,2,2'"
	fgimg="drawback_default.svg" fg_disabledimage="drawback_disable.svg" fgsize="12,10" fgpos="19,10" visible="true" />
	<Button name="rewrite" size="90,28" pos="110,382" text="重写" text_rect="36,3,20,3" font="1" textcolor="0xff000000" disabledtextcolor="0x80222222"
	normalimage="file='button_normal_without_border.svg' corner='2,2,2,2'"
	hotimage="file='button_hover.svg' corner='2,2,2,2'"
	pushedimage="file='button_press.svg' corner='2,2,2,2'"
	disabledimage="file='button_disable.svg' corner='2,2,2,2'"
	fgimg="rewrite_default.svg" fg_disabledimage="rewrite_disable.svg" fgsize="12,10" fgpos="25,10" />
	
	<Control name="btnbg" bkimage="btn_bg.svg" pos="413,382" size="118,28" visible="true" />

    <Button name="punc" size="37,28" pos="413,382"
	normalimage="file='punc_normal.svg' corner='2,2,2,2'"
	hotimage="file='punc_hover.svg' corner='2,2,2,2'"
	pushedimage="file='punc_push.svg' corner='2,2,2,2'"
	checkedimage="file='punc_check.svg' corner='2,2,2,2'" />

	<Button name="number" size="37,28" pos="449,382"
	normalimage="file='number_normal.svg' corner='2,2,2,2'"
	hotimage="file='number_hover.svg' corner='2,2,2,2'"
	pushedimage="file='number_push.svg' corner='2,2,2,2'"
	checkedimage="file='number_check.svg' corner='2,2,2,2'"/>

	<Button name="earth" size="31,28" pos="485,382" textcolor="0xff222222" selecttextcolor="0xffffffff"	
	normalimage="file='earth_normal_bg.svg' corner='2,2,2,2'"
	hotimage="file='earth_hover_bg.svg' corner='2,2,2,2'"
	pushedimage="file='earth_push_bg.svg' corner='2,2,2,2'"
	checkedimage="file='earth_check_bg.svg' corner='2,2,2,2'"
	fgimg="earth_normal.svg" fg_pushedimage="earth_normal.svg" fg_selectimage="earth_check.svg" fgsize="15,15" />

	<Button name="triangle" size="16,28" pos="515,382"
	normalimage="file='triangle_normal.svg' corner='2,2,2,2'"		
	hotimage="file='triangle_hover.svg' corner='2,2,2,2'"
	pushedimage="file='triangle_push.svg' corner='2,2,2,2'"
	checkedimage="file='triangle_check.svg' corner='2,2,2,2'"/> 

	<List name="langs" pos="316,136" size="218,249" itemCnt="8" enableselected="false" align="left" 
	bkimage="langlist_bg.svg,7,7,7,7"
	direct="vertical" cell_size="218,28" cellpadding="6,6,6,6" space="1" item_minwidth="218" 
	item_widthAutoFit="true" item_heightAutoFit="false" text_rect_offset="40,0,0,0" item_textfont="1"  
	scroll_image="scroll_normal.svg" scroll_size="10,80" scroll_deta="20"
	scroll_image_hover="scroll_hover.svg" scroll_image_pressed="scroll_push.svg"
	item_textcolor="0xff222222" selecttextcolor="0xff222222" support_move="true" visible="true" 
	item_bkcolor="0xFF000000" item_normalimage="file='lang_hover.svg' source='0,0,5,5'"
	item_hotimage="file='lang_hover.svg' source='5,0,10,5' corner='2,2,2,2'"
	item_pushedimage="file='lang_hover.svg' source='10,0,15,5' corner='2,2,2,2'"
	item_checkedhotimage="file='lang_hover.svg' source='5,0,10,5' corner='2,2,2,2'"
	item_fg_checkedimage="menu_check.svg" item_fgpos="16,8" item_fgsize="12,12" />

</Window>
