<?xml version="1.0" encoding="utf-8" standalone="yes" ?>
<Window size="267,29" bkimage="bar.svg,17,7,7,7" name="statusWnd">
	<Font name="微软雅黑" size="24"/> <!-- 0 -->
	<Button name="language" size="22,22" pos="15,4" />
	<Button name="jaOutCharType" size="22,22" pos="38,4" />
	<Button name="jaRomaKana" size="40,22" pos="61,4" />
	<Button name="punctuation" size="22,22" pos="102,4" />
	<Button name="pinyinwubi" size="22,22" pos="125,4"/>
	<Button name="handInput" normalimage="handinput1.svg" hotimage="handinput1_hover.svg" pushedimage="handinput1_press.svg" disabledimage="handinput1_disable.svg" size="22,22" pos="148,4"/>
	<Button name="voiceInput" normalimage="voice1.svg" hotimage="voice1_hover.svg" pushedimage="voice1_press.svg" disabledimage="voice1_disable.svg" size="22,22" pos="171,4"/>
	<Button name="voiceControl" normalimage="voiceOperation.svg" hotimage="voiceOperation_hover.svg" pushedimage="voiceOperation_press.svg" disabledimage="voiceOperation_disable.svg" size="22,22" pos="194,4"/>
	<Button name="voiceTTS" normalimage="tts_normal.svg" hotimage="tts_hover.svg" pushedimage="tts_press.svg" disabledimage="tts_disable.svg" size="22,22" pos="217,4"/>
	<Button name="setting" normalimage="setting.svg" hotimage="setting_hover.svg" pushedimage="setting_press.svg" disabledimage="setting_disable.svg" size="22,22" pos="240,4"/>
	
</Window>
