<?xml version="1.0" encoding="utf-8" standalone="yes" ?>
 <Window name="rarewordsWnd" size="207,81" bkimage="bg.png,9,9,9,9" enablemove="false">
    <Font name="微软雅黑" size="10"/> <!-- 0 -->
    <Font name="微软雅黑" size="10" underline="true" /> <!-- 1 -->

  <Button name="closex"  
    normalimage="file='close.png' source='0,0,13,13'"
	hotimage="file='close.png' source='13,0,26,13'"
	pushedimage="file='close.png' source='26,0,39,13'"
	size="13,13" pos="186,6" />

 <Control name="guideimage" bkimage="bihua_normal.svg" size="112,20" pos="12,12"/>
 <Text name="text_tips" text="示例：hspn(笔画)=本，nv'zi(拼音)=好" size="190,15" align="left" pos="12,35" textcolor="0xFF1B2033" font="0"/>
 <Button name="guide_linker" text="生僻字输入指引" pos="12,55" bkimage="trans.png" size="71,14" font="1" textcolor="0xFFF04806" pushtextcolor="0xFFF0622D" hovertextcolor="0xFFF0622D" hotimage="trans.png" normalimage="trans.png" pushedimage="trans.png" align="left"/>
 <Button name="checkbox_unchecked"  normalimage="checkbox_normal.svg" hotimage="checkbox_hover.svg" pushedimage="checkbox_selected.svg" pos="143,58" size="10,10" />
 <Button name="checkbox_checked"  normalimage="checkbox_selected.svg" hotimage="checkbox_selected_hover.svg" pushedimage="checkbox_normal.svg" pos="143,58" size="10,10" />
 <Text name="text_nolonger_show" text="不再提示" size="40,14" align="left" pos="155,55" textcolor="0xFF8C8C8C" font="0"/>
 </Window>